trip_id,route_id,service_id,trip_headsign,trip_short_name,direction_id,block_id,shape_id,wheelchair_accessible,bikes_allowed
2669010,1,3,1 Downtown,,1,11,shp-1-01,1,1
1613090,1,4,1 Downtown,,1,11,shp-1-01,1,1
66010,1,3,1 Downtown,,1,11,shp-1-01,1,1
1137090,1,4,1 Downtown,,1,110,shp-1-01,1,1
1216070,1,2,1 Downtown,,1,110,shp-1-01,1,1
563010,1,3,1 Downtown,,1,11,shp-1-01,1,1
566010,1,3,1 Downtown,,1,11,shp-1-01,1,1
830020,1,1,1 Downtown,,1,210,shp-1-01,1,1
1242020,1,1,1 Downtown,,1,11,shp-1-01,1,1
1071020,1,1,1 Downtown,,1,11,shp-1-01,1,1
1097090,1,4,1 Downtown,,1,110,shp-1-01,1,1
258070,1,2,1 Downtown,,1,110,shp-1-01,1,1
808090,1,4,1 Downtown,,1,11,shp-1-01,1,1
1305020,1,1,1 Downtown,,1,11,shp-1-01,1,1
2474070,1,2,1 Downtown,,1,19,shp-1-01,1,1
1305090,1,4,1 Downtown,,1,11,shp-1-01,1,1
223070,1,2,1 Downtown,,1,19,shp-1-01,1,1
364070,1,2,1 Downtown,,1,110,shp-1-01,1,1
462020,1,1,1 Downtown,,1,3232,shp-1-01,1,1
140070,1,2,1 Downtown,,1,110,shp-1-01,1,1
1429010,1,3,1 Downtown,,1,11,shp-1-01,1,1
392090,1,4,1 Downtown,,1,11,shp-1-01,1,1
768020,1,1,1 Downtown,,1,110,shp-1-01,1,1
1734020,1,1,1 Downtown,,1,11,shp-1-01,1,1
768090,1,4,1 Downtown,,1,110,shp-1-01,1,1
2377070,1,2,1 Downtown,,1,110,shp-1-01,1,1
8010,1,3,1 Downtown,,1,11,shp-1-01,1,1
184020,1,1,1 Downtown,,1,110,shp-1-01,1,1
1137020,1,1,1 Downtown,,1,110,shp-1-01,1,1
1256020,1,1,1 Downtown,,1,110,shp-1-01,1,1
2661070,1,2,1 Downtown,,1,110,shp-1-01,1,1
1290010,1,3,1 Downtown,,1,11,shp-1-01,1,1
1720010,1,3,1 Downtown,,1,11,shp-1-01,1,1
13090,1,4,1 Downtown,,1,11,shp-1-01,1,1
64070,1,2,1 Downtown,,1,19,shp-1-01,1,1
2441090,1,4,1 Downtown,,1,210,shp-1-01,1,1
462090,1,4,1 Downtown,,1,3232,shp-1-01,1,1
1108020,1,1,1 Downtown,,1,11,shp-1-01,1,1
236070,1,2,1 Downtown,,1,110,shp-1-01,1,1
1227070,1,2,1 Downtown,,1,110,shp-1-01,1,1
2441020,1,1,1 Downtown,,1,210,shp-1-01,1,1
1257070,1,2,1 Downtown,,1,19,shp-1-01,1,1
1123090,1,4,1 Downtown,,1,110,shp-1-01,1,1
117020,1,1,1 Downtown,,1,110,shp-1-01,1,1
859010,1,3,1 Downtown,,1,11,shp-1-01,1,1
2322010,1,3,1 Downtown,,1,11,shp-1-01,1,1
2635070,1,2,1 Downtown,,1,110,shp-1-01,1,1
844010,1,3,1 Downtown,,1,11,shp-1-01,1,1
1919010,1,3,1 Downtown,,1,11,shp-1-01,1,1
2089090,1,4,1 Downtown,,1,11,shp-1-01,1,1
2205020,1,1,1 Downtown,,1,110,shp-1-01,1,1
1256090,1,4,1 Downtown,,1,110,shp-1-01,1,1
739090,1,4,1 Downtown,,1,210,shp-1-01,1,1
523020,1,1,1 Downtown,,1,11,shp-1-01,1,1
808020,1,1,1 Downtown,,1,11,shp-1-01,1,1
2089020,1,1,1 Downtown,,1,11,shp-1-01,1,1
392020,1,1,1 Downtown,,1,11,shp-1-01,1,1
1097020,1,1,1 Downtown,,1,110,shp-1-01,1,1
1640070,1,2,1 Downtown,,1,110,shp-1-01,1,1
1242090,1,4,1 Downtown,,1,11,shp-1-01,1,1
1576090,1,4,1 Downtown,,1,210,shp-1-01,1,1
116070,1,2,1 Downtown,,1,19,shp-1-01,1,1
1553010,1,3,1 Downtown,,1,11,shp-1-01,1,1
1293070,1,2,1 Downtown,,1,19,shp-1-01,1,1
792090,1,4,1 Downtown,,1,11,shp-1-01,1,1
93020,1,1,1 Downtown,,1,110,shp-1-01,1,1
782020,1,1,1 Downtown,,1,11,shp-1-01,1,1
1520020,1,1,1 Downtown,,1,11,shp-1-01,1,1
2573090,1,4,1 Downtown,,1,11,shp-1-01,1,1
184090,1,4,1 Downtown,,1,110,shp-1-01,1,1
1282090,1,4,1 Downtown,,1,210,shp-1-01,1,1
1664090,1,4,1 Downtown,,1,11,shp-1-01,1,1
1116020,1,1,1 Downtown,,1,11,shp-1-01,1,1
303070,1,2,1 Downtown,,1,19,shp-1-01,1,1
2005020,1,1,1 Downtown,,1,11,shp-1-01,1,1
1116090,1,4,1 Downtown,,1,11,shp-1-01,1,1
1644020,1,1,1 Downtown,,1,11,shp-1-01,1,1
792020,1,1,1 Downtown,,1,11,shp-1-01,1,1
453070,1,2,1 Downtown,,1,110,shp-1-01,1,1
1065020,1,1,1 Downtown,,1,210,shp-1-01,1,1
2118010,1,3,1 Downtown,,1,11,shp-1-01,1,1
244070,1,2,1 Downtown,,1,110,shp-1-01,1,1
1322020,1,1,1 Downtown,,1,110,shp-1-01,1,1
523090,1,4,1 Downtown,,1,11,shp-1-01,1,1
2205090,1,4,1 Downtown,,1,110,shp-1-01,1,1
586070,1,2,1 Downtown,,1,19,shp-1-01,1,1
2305070,1,2,1 Downtown,,1,19,shp-1-01,1,1
736020,1,1,1 Downtown,,1,11,shp-1-01,1,1
802010,1,3,1 Downtown,,1,11,shp-1-01,1,1
1901020,1,1,1 Downtown,,1,11,shp-1-01,1,1
2507010,1,3,1 Downtown,,1,11,shp-1-01,1,1
1833090,1,4,1 Downtown,,1,210,shp-1-01,1,1
1065090,1,4,1 Downtown,,1,210,shp-1-01,1,1
1071090,1,4,1 Downtown,,1,11,shp-1-01,1,1
888010,1,3,1 Downtown,,1,11,shp-1-01,1,1
1576020,1,1,1 Downtown,,1,210,shp-1-01,1,1
13020,1,1,1 Downtown,,1,11,shp-1-01,1,1
2137010,1,3,1 Downtown,,1,11,shp-1-01,1,1
1322090,1,4,1 Downtown,,1,110,shp-1-01,1,1
1258010,1,3,1 Downtown,,1,11,shp-1-01,1,1
117090,1,4,1 Downtown,,1,110,shp-1-01,1,1
1847020,1,1,1 Downtown,,1,210,shp-1-01,1,1
906020,1,1,1 Downtown,,1,11,shp-1-01,1,1
93090,1,4,1 Downtown,,1,110,shp-1-01,1,1
830090,1,4,1 Downtown,,1,210,shp-1-01,1,1
2014070,1,2,1 Downtown,,1,110,shp-1-01,1,1
2303010,1,3,1 Downtown,,1,11,shp-1-01,1,1
1082020,1,1,1 Downtown,,1,210,shp-1-01,1,1
1082090,1,4,1 Downtown,,1,210,shp-1-01,1,1
11010,1,3,1 Downtown,,1,11,shp-1-01,1,1
2005090,1,4,1 Downtown,,1,11,shp-1-01,1,1
1490090,1,4,1 Downtown,,1,110,shp-1-01,1,1
1430090,1,4,1 Downtown,,1,110,shp-1-01,1,1
1901090,1,4,1 Downtown,,1,11,shp-1-01,1,1
327070,1,2,1 Downtown,,1,110,shp-1-01,1,1
2659070,1,2,1 Downtown,,1,110,shp-1-01,1,1
782090,1,4,1 Downtown,,1,11,shp-1-01,1,1
1664020,1,1,1 Downtown,,1,11,shp-1-01,1,1
1108090,1,4,1 Downtown,,1,11,shp-1-01,1,1
1520090,1,4,1 Downtown,,1,11,shp-1-01,1,1
1123020,1,1,1 Downtown,,1,110,shp-1-01,1,1
1734090,1,4,1 Downtown,,1,11,shp-1-01,1,1
739020,1,1,1 Downtown,,1,210,shp-1-01,1,1
1397090,1,4,1 Downtown,,1,110,shp-1-01,1,1
1128020,1,1,1 Downtown,,1,11,shp-1-01,1,1
1237010,1,3,1 Downtown,,1,11,shp-1-01,1,1
1833020,1,1,1 Downtown,,1,210,shp-1-01,1,1
1490020,1,1,1 Downtown,,1,110,shp-1-01,1,1
426070,1,2,1 Downtown,,1,110,shp-1-01,1,1
380070,1,2,1 Downtown,,1,110,shp-1-01,1,1
1613020,1,1,1 Downtown,,1,11,shp-1-01,1,1
251070,1,2,1 Downtown,,1,110,shp-1-01,1,1
2603070,1,2,1 Downtown,,1,19,shp-1-01,1,1
1282020,1,1,1 Downtown,,1,210,shp-1-01,1,1
1397020,1,1,1 Downtown,,1,110,shp-1-01,1,1
906090,1,4,1 Downtown,,1,11,shp-1-01,1,1
1567010,1,3,1 Downtown,,1,11,shp-1-01,1,1
1171070,1,2,1 Downtown,,1,110,shp-1-01,1,1
822010,1,3,1 Downtown,,1,11,shp-1-01,1,1
1644090,1,4,1 Downtown,,1,11,shp-1-01,1,1
1430020,1,1,1 Downtown,,1,110,shp-1-01,1,1
1847090,1,4,1 Downtown,,1,210,shp-1-01,1,1
2573020,1,1,1 Downtown,,1,11,shp-1-01,1,1
736090,1,4,1 Downtown,,1,11,shp-1-01,1,1
598010,1,3,1 Downtown,,1,11,shp-1-01,1,1
1128090,1,4,1 Downtown,,1,11,shp-1-01,1,1
1033020,1,1,1 Fairhaven,,0,110,shp-1-51,1,1
1548010,1,3,1 Fairhaven,,0,11,shp-1-51,1,1
1970020,1,1,1 Fairhaven,,0,11,shp-1-51,1,1
2073090,1,4,1 Fairhaven,,0,210,shp-1-51,1,1
1474090,1,4,1 Fairhaven,,0,110,shp-1-51,1,1
673090,1,4,1 Fairhaven,,0,210,shp-1-51,1,1
2277020,1,1,1 Fairhaven,,0,11,shp-1-51,1,1
885020,1,1,1 Fairhaven,,0,210,shp-1-51,1,1
943070,1,2,1 Fairhaven,,0,110,shp-1-51,1,1
2193090,1,4,1 Fairhaven,,0,110,shp-1-51,1,1
575010,1,3,1 Fairhaven,,0,11,shp-1-51,1,1
1404020,1,1,1 Fairhaven,,0,11,shp-1-51,1,1
2179090,1,4,1 Fairhaven,,0,110,shp-1-51,1,1
1362020,1,1,1 Fairhaven,,0,11,shp-1-51,1,1
2100020,1,1,1 Fairhaven,,0,110,shp-1-51,1,1
1527020,1,1,1 Fairhaven,,0,11,shp-1-51,1,1
2327090,1,4,1 Fairhaven,,0,110,shp-1-51,1,1
610090,1,4,1 Fairhaven,,0,11,shp-1-51,1,1
1484070,1,2,1 Fairhaven,,0,110,shp-1-51,1,1
396020,1,1,1 Fairhaven,,0,11,shp-1-51,1,1
2332090,1,4,1 Fairhaven,,0,11,shp-1-51,1,1
999070,1,2,1 Fairhaven,,0,19,shp-1-51,1,1
1558070,1,2,1 Fairhaven,,0,110,shp-1-51,1,1
775070,1,2,1 Fairhaven,,0,110,shp-1-51,1,1
619070,1,2,1 Fairhaven,,0,19,shp-1-51,1,1
1139010,1,3,1 Fairhaven,,0,11,shp-1-51,1,1
187020,1,1,1 Fairhaven,,0,11,shp-1-51,1,1
1036020,1,1,1 Fairhaven,,0,110,shp-1-51,1,1
151010,1,3,1 Fairhaven,,0,11,shp-1-51,1,1
2378090,1,4,1 Fairhaven,,0,11,shp-1-51,1,1
889070,1,2,1 Fairhaven,,0,110,shp-1-51,1,1
1029020,1,1,1 Fairhaven,,0,11,shp-1-51,1,1
1036090,1,4,1 Fairhaven,,0,110,shp-1-51,1,1
2332020,1,1,1 Fairhaven,,0,11,shp-1-51,1,1
1941020,1,1,1 Fairhaven,,0,110,shp-1-51,1,1
1362090,1,4,1 Fairhaven,,0,11,shp-1-51,1,1
923070,1,2,1 Fairhaven,,0,110,shp-1-51,1,1
902020,1,1,1 Fairhaven,,0,11,shp-1-51,1,1
1324020,1,1,1 Fairhaven,,0,11,shp-1-51,1,1
1527090,1,4,1 Fairhaven,,0,11,shp-1-51,1,1
2383090,1,4,1 Fairhaven,,0,210,shp-1-51,1,1
2500090,1,4,1 Fairhaven,,0,210,shp-1-51,1,1
909070,1,2,1 Fairhaven,,0,110,shp-1-51,1,1
1718070,1,2,1 Fairhaven,,0,110,shp-1-51,1,1
290070,1,2,1 Fairhaven,,0,110,shp-1-51,1,1
307090,1,4,1 Fairhaven,,0,11,shp-1-51,1,1
1474020,1,1,1 Fairhaven,,0,110,shp-1-51,1,1
1715020,1,1,1 Fairhaven,,0,110,shp-1-51,1,1
790070,1,2,1 Fairhaven,,0,19,shp-1-51,1,1
396090,1,4,1 Fairhaven,,0,11,shp-1-51,1,1
1689090,1,4,1 Fairhaven,,0,110,shp-1-51,1,1
2383020,1,1,1 Fairhaven,,0,210,shp-1-51,1,1
1314090,1,4,1 Fairhaven,,0,11,shp-1-51,1,1
1689020,1,1,1 Fairhaven,,0,110,shp-1-51,1,1
804010,1,3,1 Fairhaven,,0,11,shp-1-51,1,1
2073020,1,1,1 Fairhaven,,0,210,shp-1-51,1,1
83010,1,3,1 Fairhaven,,0,11,shp-1-51,1,1
2018070,1,2,1 Fairhaven,,0,110,shp-1-51,1,1
2100090,1,4,1 Fairhaven,,0,110,shp-1-51,1,1
164010,1,3,1 Fairhaven,,0,11,shp-1-51,1,1
2277090,1,4,1 Fairhaven,,0,11,shp-1-51,1,1
673020,1,1,1 Fairhaven,,0,210,shp-1-51,1,1
1581070,1,2,1 Fairhaven,,0,19,shp-1-51,1,1
2179020,1,1,1 Fairhaven,,0,110,shp-1-51,1,1
374010,1,3,1 Fairhaven,,0,11,shp-1-51,1,1
319090,1,4,1 Fairhaven,,0,210,shp-1-51,1,1
2210020,1,1,1 Fairhaven,,0,11,shp-1-51,1,1
902090,1,4,1 Fairhaven,,0,11,shp-1-51,1,1
1917090,1,4,1 Fairhaven,,0,110,shp-1-51,1,1
35020,1,1,1 Fairhaven,,0,210,shp-1-51,1,1
1083070,1,2,1 Fairhaven,,0,110,shp-1-51,1,1
622070,1,2,1 Fairhaven,,0,110,shp-1-51,1,1
307020,1,1,1 Fairhaven,,0,11,shp-1-51,1,1
2673020,1,1,1 Fairhaven,,0,110,shp-1-51,1,1
2658010,1,3,1 Fairhaven,,0,11,shp-1-51,1,1
1543010,1,3,1 Fairhaven,,0,11,shp-1-51,1,1
2132070,1,2,1 Fairhaven,,0,110,shp-1-51,1,1
1314020,1,1,1 Fairhaven,,0,11,shp-1-51,1,1
973010,1,3,1 Fairhaven,,0,11,shp-1-51,1,1
197020,1,1,1 Fairhaven,,0,11,shp-1-51,1,1
407090,1,4,1 Fairhaven,,0,11,shp-1-51,1,1
2534090,1,4,1 Fairhaven,,0,210,shp-1-51,1,1
2496090,1,4,1 Fairhaven,,0,11,shp-1-51,1,1
1715090,1,4,1 Fairhaven,,0,110,shp-1-51,1,1
1033090,1,4,1 Fairhaven,,0,110,shp-1-51,1,1
1826010,1,3,1 Fairhaven,,0,11,shp-1-51,1,1
407020,1,1,1 Fairhaven,,0,11,shp-1-51,1,1
2147010,1,3,1 Fairhaven,,0,11,shp-1-51,1,1
1324090,1,4,1 Fairhaven,,0,11,shp-1-51,1,1
1340090,1,4,1 Fairhaven,,0,110,shp-1-51,1,1
2327020,1,1,1 Fairhaven,,0,110,shp-1-51,1,1
1418010,1,3,1 Fairhaven,,0,11,shp-1-51,1,1
2374070,1,2,1 Fairhaven,,0,19,shp-1-51,1,1
35090,1,4,1 Fairhaven,,0,210,shp-1-51,1,1
2606010,1,3,1 Fairhaven,,0,11,shp-1-51,1,1
2525070,1,2,1 Fairhaven,,0,110,shp-1-51,1,1
233070,1,2,1 Fairhaven,,0,110,shp-1-51,1,1
1822010,1,3,1 Fairhaven,,0,11,shp-1-51,1,1
1404090,1,4,1 Fairhaven,,0,11,shp-1-51,1,1
1498090,1,4,1 Fairhaven,,0,3232,shp-1-51,1,1
2008070,1,2,1 Fairhaven,,0,19,shp-1-51,1,1
2193020,1,1,1 Fairhaven,,0,110,shp-1-51,1,1
197090,1,4,1 Fairhaven,,0,11,shp-1-51,1,1
174070,1,2,1 Fairhaven,,0,110,shp-1-51,1,1
1029090,1,4,1 Fairhaven,,0,11,shp-1-51,1,1
1445070,1,2,1 Fairhaven,,0,110,shp-1-51,1,1
382010,1,3,1 Fairhaven,,0,11,shp-1-51,1,1
610020,1,1,1 Fairhaven,,0,11,shp-1-51,1,1
1471010,1,3,1 Fairhaven,,0,11,shp-1-51,1,1
2515020,1,1,1 Fairhaven,,0,11,shp-1-51,1,1
2570010,1,3,1 Fairhaven,,0,11,shp-1-51,1,1
319020,1,1,1 Fairhaven,,0,210,shp-1-51,1,1
1340020,1,1,1 Fairhaven,,0,110,shp-1-51,1,1
2010,1,3,1 Fairhaven,,0,11,shp-1-51,1,1
1498020,1,1,1 Fairhaven,,0,3232,shp-1-51,1,1
75090,1,4,1 Fairhaven,,0,210,shp-1-51,1,1
1232070,1,2,1 Fairhaven,,0,110,shp-1-51,1,1
1970090,1,4,1 Fairhaven,,0,11,shp-1-51,1,1
2378020,1,1,1 Fairhaven,,0,11,shp-1-51,1,1
2515090,1,4,1 Fairhaven,,0,11,shp-1-51,1,1
2496020,1,1,1 Fairhaven,,0,11,shp-1-51,1,1
261020,1,1,1 Fairhaven,,0,11,shp-1-51,1,1
1466010,1,3,1 Fairhaven,,0,11,shp-1-51,1,1
2649070,1,2,1 Fairhaven,,0,19,shp-1-51,1,1
15010,1,3,1 Fairhaven,,0,11,shp-1-51,1,1
187090,1,4,1 Fairhaven,,0,11,shp-1-51,1,1
261090,1,4,1 Fairhaven,,0,11,shp-1-51,1,1
885090,1,4,1 Fairhaven,,0,210,shp-1-51,1,1
368090,1,4,1 Fairhaven,,0,11,shp-1-51,1,1
1941090,1,4,1 Fairhaven,,0,110,shp-1-51,1,1
2210090,1,4,1 Fairhaven,,0,11,shp-1-51,1,1
1565020,1,1,1 Fairhaven,,0,11,shp-1-51,1,1
1917020,1,1,1 Fairhaven,,0,110,shp-1-51,1,1
919070,1,2,1 Fairhaven,,0,19,shp-1-51,1,1
2242010,1,3,1 Fairhaven,,0,11,shp-1-51,1,1
2500020,1,1,1 Fairhaven,,0,210,shp-1-51,1,1
1565090,1,4,1 Fairhaven,,0,11,shp-1-51,1,1
34070,1,2,1 Fairhaven,,0,19,shp-1-51,1,1
277010,1,3,1 Fairhaven,,0,11,shp-1-51,1,1
2534020,1,1,1 Fairhaven,,0,210,shp-1-51,1,1
499070,1,2,1 Fairhaven,,0,19,shp-1-51,1,1
435070,1,2,1 Fairhaven,,0,110,shp-1-51,1,1
75020,1,1,1 Fairhaven,,0,210,shp-1-51,1,1
368020,1,1,1 Fairhaven,,0,11,shp-1-51,1,1
2673090,1,4,1 Fairhaven,,0,110,shp-1-51,1,1
505010,1,3,1 Fairhaven,,0,11,shp-1-51,1,1
979070,10,2,10 Downtown,,1,110,shp-10-01,1,1
2038090,10,4,10 Downtown,,1,110,shp-10-01,1,1
2458020,10,1,10 Downtown,,1,110,shp-10-01,1,1
671020,10,1,10 Downtown,,1,110,shp-10-01,1,1
1249090,10,4,10 Downtown,,1,110,shp-10-01,1,1
2111070,10,2,10 Downtown,,1,110,shp-10-01,1,1
671090,10,4,10 Downtown,,1,110,shp-10-01,1,1
1609070,10,2,10 Downtown,,1,110,shp-10-01,1,1
2038020,10,1,10 Downtown,,1,110,shp-10-01,1,1
70020,10,1,10 Downtown,,1,110,shp-10-01,1,1
1977070,10,2,10 Downtown,,1,110,shp-10-01,1,1
2653070,10,2,10 Downtown,,1,110,shp-10-01,1,1
403020,10,1,10 Downtown,,1,110,shp-10-01,1,1
403090,10,4,10 Downtown,,1,110,shp-10-01,1,1
70090,10,4,10 Downtown,,1,110,shp-10-01,1,1
570070,10,2,10 Downtown,,1,110,shp-10-01,1,1
1297090,10,4,10 Downtown,,1,110,shp-10-01,1,1
2406070,10,2,10 Downtown,,1,110,shp-10-01,1,1
2671020,10,1,10 Downtown,,1,110,shp-10-01,1,1
2365090,10,4,10 Downtown,,1,110,shp-10-01,1,1
752020,10,1,10 Downtown,,1,110,shp-10-01,1,1
2365020,10,1,10 Downtown,,1,110,shp-10-01,1,1
752090,10,4,10 Downtown,,1,110,shp-10-01,1,1
512070,10,2,10 Downtown,,1,110,shp-10-01,1,1
2671090,10,4,10 Downtown,,1,110,shp-10-01,1,1
1249020,10,1,10 Downtown,,1,110,shp-10-01,1,1
2458090,10,4,10 Downtown,,1,110,shp-10-01,1,1
1166020,10,1,10 Downtown,,1,110,shp-10-01,1,1
1166090,10,4,10 Downtown,,1,110,shp-10-01,1,1
1297020,10,1,10 Downtown,,1,110,shp-10-01,1,1
405070,10,2,10 Downtown,,1,110,shp-10-01,1,1
1887020,10,1,10 Eldridge,,0,110,shp-10-51,1,1
665090,10,4,10 Eldridge,,0,110,shp-10-51,1,1
2591020,10,1,10 Eldridge,,0,110,shp-10-51,1,1
2554090,10,4,10 Eldridge,,0,110,shp-10-51,1,1
1371020,10,1,10 Eldridge,,0,110,shp-10-51,1,1
345090,10,4,10 Eldridge,,0,110,shp-10-51,1,1
2672020,10,1,10 Eldridge,,0,110,shp-10-51,1,1
2554020,10,1,10 Eldridge,,0,110,shp-10-51,1,1
961070,10,2,10 Eldridge,,0,110,shp-10-51,1,1
1506070,10,2,10 Eldridge,,0,110,shp-10-51,1,1
2461070,10,2,10 Eldridge,,0,110,shp-10-51,1,1
1106020,10,1,10 Eldridge,,0,110,shp-10-51,1,1
2438070,10,2,10 Eldridge,,0,110,shp-10-51,1,1
2591090,10,4,10 Eldridge,,0,110,shp-10-51,1,1
537090,10,4,10 Eldridge,,0,110,shp-10-51,1,1
564070,10,2,10 Eldridge,,0,110,shp-10-51,1,1
423020,10,1,10 Eldridge,,0,110,shp-10-51,1,1
2180070,10,2,10 Eldridge,,0,110,shp-10-51,1,1
1371090,10,4,10 Eldridge,,0,110,shp-10-51,1,1
665020,10,1,10 Eldridge,,0,110,shp-10-51,1,1
2345070,10,2,10 Eldridge,,0,110,shp-10-51,1,1
1887090,10,4,10 Eldridge,,0,110,shp-10-51,1,1
345020,10,1,10 Eldridge,,0,110,shp-10-51,1,1
1446090,10,4,10 Eldridge,,0,110,shp-10-51,1,1
2672090,10,4,10 Eldridge,,0,110,shp-10-51,1,1
537020,10,1,10 Eldridge,,0,110,shp-10-51,1,1
841070,10,2,10 Eldridge,,0,110,shp-10-51,1,1
1446020,10,1,10 Eldridge,,0,110,shp-10-51,1,1
1106090,10,4,10 Eldridge,,0,110,shp-10-51,1,1
757070,10,2,10 Eldridge,,0,110,shp-10-51,1,1
423090,10,4,10 Eldridge,,0,110,shp-10-51,1,1
787070,14,2,14 Downtown via WWU,,1,129,shp-14-02,1,1
1470070,14,2,14 Downtown via WWU,,1,229,shp-14-02,1,1
1541020,14,1,14 Downtown via WWU,,1,314,shp-14-02,1,1
1571070,14,2,14 Downtown via WWU,,1,129,shp-14-02,1,1
413020,14,1,14 Downtown via WWU,,1,314,shp-14-02,1,1
2404020,14,1,14 Downtown via WWU,,1,314,shp-14-02,1,1
623010,14,3,14 Downtown via WWU,,1,214,shp-14-01,1,1
1568020,14,1,14 Downtown via WWU,,1,214,shp-14-01,1,1
2311090,14,4,14 Downtown via WWU,,1,414,shp-14-01,1,1
460010,14,3,14 Downtown via WWU,,1,214,shp-14-01,1,1
2467090,14,4,14 Downtown via WWU,,1,314,shp-14-02,1,1
1304090,14,4,14 Downtown via WWU,,1,114,shp-14-02,1,1
1541090,14,4,14 Downtown via WWU,,1,314,shp-14-02,1,1
2311020,14,1,14 Downtown via WWU,,1,414,shp-14-01,1,1
2467020,14,1,14 Downtown via WWU,,1,314,shp-14-02,1,1
2404090,14,4,14 Downtown via WWU,,1,314,shp-14-02,1,1
493010,14,3,14 Downtown via WWU,,1,214,shp-14-01,1,1
361010,14,3,14 Downtown via WWU,,1,214,shp-14-01,1,1
1589020,14,1,14 Downtown via WWU,,1,114,shp-14-02,1,1
2582070,14,2,14 Downtown via WWU,,1,229,shp-14-02,1,1
1707070,14,2,14 Downtown via WWU,,1,129,shp-14-02,1,1
1897020,14,1,14 Downtown via WWU,,1,314,shp-14-02,1,1
2334010,14,3,14 Downtown via WWU,,1,114,shp-14-01,1,1
178070,14,2,14 Downtown via WWU,,1,429,shp-14-01,1,1
1052090,14,4,14 Downtown via WWU,,1,114,shp-14-02,1,1
2389070,14,2,14 Downtown via WWU,,1,229,shp-14-02,1,1
706070,14,2,14 Downtown via WWU,,1,429,shp-14-01,1,1
1738070,14,2,14 Downtown via WWU,,1,329,shp-14-01,1,1
766090,14,4,14 Downtown via WWU,,1,114,shp-14-02,1,1
413090,14,4,14 Downtown via WWU,,1,314,shp-14-02,1,1
2301070,14,2,14 Downtown via WWU,,1,229,shp-14-02,1,1
1845010,14,3,14 Downtown via WWU,,1,214,shp-14-01,1,1
1052020,14,1,14 Downtown via WWU,,1,114,shp-14-02,1,1
1113090,14,4,14 Downtown via WWU,,1,314,shp-14-02,1,1
1056010,14,3,14 Downtown via WWU,,1,214,shp-14-01,1,1
912090,14,4,14 Downtown via WWU,,1,214,shp-14-01,1,1
2536010,14,3,14 Downtown via WWU,,1,214,shp-14-01,1,1
485070,14,2,14 Downtown via WWU,,1,229,shp-14-02,1,1
2125070,14,2,14 Downtown via WWU,,1,129,shp-14-02,1,1
1599010,14,3,14 Downtown via WWU,,1,114,shp-14-01,1,1
54090,14,4,14 Downtown via WWU,,1,114,shp-14-02,1,1
1568090,14,4,14 Downtown via WWU,,1,214,shp-14-01,1,1
125010,14,3,14 Downtown via WWU,,1,114,shp-14-01,1,1
417020,14,1,14 Downtown via WWU,,1,414,shp-14-01,1,1
1589090,14,4,14 Downtown via WWU,,1,114,shp-14-02,1,1
1879090,14,4,14 Downtown via WWU,,1,114,shp-14-02,1,1
2229070,14,2,14 Downtown via WWU,,1,229,shp-14-02,1,1
417090,14,4,14 Downtown via WWU,,1,414,shp-14-01,1,1
148070,14,2,14 Downtown via WWU,,1,129,shp-14-02,1,1
766020,14,1,14 Downtown via WWU,,1,114,shp-14-02,1,1
85010,14,3,14 Downtown via WWU,,1,114,shp-14-01,1,1
456070,14,2,14 Downtown via WWU,,1,329,shp-14-01,1,1
471010,14,3,14 Downtown via WWU,,1,114,shp-14-01,1,1
1113020,14,1,14 Downtown via WWU,,1,314,shp-14-02,1,1
1897090,14,4,14 Downtown via WWU,,1,314,shp-14-02,1,1
1879020,14,1,14 Downtown via WWU,,1,114,shp-14-02,1,1
1304020,14,1,14 Downtown via WWU,,1,114,shp-14-02,1,1
912020,14,1,14 Downtown via WWU,,1,214,shp-14-01,1,1
54020,14,1,14 Downtown via WWU,,1,114,shp-14-02,1,1
1316010,14,3,14 Downtown via WWU,,1,114,shp-14-01,1,1
1699010,14,3,14 Downtown via WWU,,1,114,shp-14-01,1,1
1251070,14,2,14 Fairhaven via WWU,,0,129,shp-14-52,1,1
1310070,14,2,14 Fairhaven via WWU,,0,229,shp-14-52,1,1
1987020,14,1,14 Fairhaven via WWU,,0,114,shp-14-52,1,1
984090,14,4,14 Fairhaven via WWU,,0,214,shp-14-51,1,1
44020,14,1,14 Fairhaven via WWU,,0,414,shp-14-51,1,1
568020,14,1,14 Fairhaven via WWU,,0,314,shp-14-52,1,1
1440020,14,1,14 Fairhaven via WWU,,0,114,shp-14-52,1,1
508070,14,2,14 Fairhaven via WWU,,0,229,shp-14-52,1,1
984020,14,1,14 Fairhaven via WWU,,0,214,shp-14-51,1,1
1729090,14,4,14 Fairhaven via WWU,,0,214,shp-14-51,1,1
65020,14,1,14 Fairhaven via WWU,,0,114,shp-14-52,1,1
1797020,14,1,14 Fairhaven via WWU,,0,314,shp-14-52,1,1
1857090,14,4,14 Fairhaven via WWU,,0,414,shp-14-51,1,1
1209010,14,3,14 Fairhaven via WWU,,0,214,shp-14-51,1,1
1682090,14,4,14 Fairhaven via WWU,,0,314,shp-14-52,1,1
1219010,14,3,14 Fairhaven via WWU,,0,114,shp-14-51,1,1
842020,14,1,14 Fairhaven via WWU,,0,314,shp-14-52,1,1
1857020,14,1,14 Fairhaven via WWU,,0,414,shp-14-51,1,1
44090,14,4,14 Fairhaven via WWU,,0,414,shp-14-51,1,1
1094070,14,2,14 Fairhaven via WWU,,0,329,shp-14-51,1,1
2339070,14,2,14 Fairhaven via WWU,,0,229,shp-14-52,1,1
1797090,14,4,14 Fairhaven via WWU,,0,314,shp-14-52,1,1
1729020,14,1,14 Fairhaven via WWU,,0,214,shp-14-51,1,1
568090,14,4,14 Fairhaven via WWU,,0,314,shp-14-52,1,1
1461090,14,4,14 Fairhaven via WWU,,0,114,shp-14-52,1,1
1440090,14,4,14 Fairhaven via WWU,,0,114,shp-14-52,1,1
305090,14,4,14 Fairhaven via WWU,,0,314,shp-14-52,1,1
1682020,14,1,14 Fairhaven via WWU,,0,314,shp-14-52,1,1
1984090,14,4,14 Fairhaven via WWU,,0,114,shp-14-52,1,1
1537010,14,3,14 Fairhaven via WWU,,0,114,shp-14-51,1,1
2464010,14,3,14 Fairhaven via WWU,,0,214,shp-14-51,1,1
2397070,14,2,14 Fairhaven via WWU,,0,429,shp-14-51,1,1
65090,14,4,14 Fairhaven via WWU,,0,114,shp-14-52,1,1
1380010,14,3,14 Fairhaven via WWU,,0,214,shp-14-51,1,1
1569070,14,2,14 Fairhaven via WWU,,0,129,shp-14-52,1,1
2625010,14,3,14 Fairhaven via WWU,,0,214,shp-14-51,1,1
2399020,14,1,14 Fairhaven via WWU,,0,114,shp-14-52,1,1
1987090,14,4,14 Fairhaven via WWU,,0,114,shp-14-52,1,1
1727090,14,4,14 Fairhaven via WWU,,0,314,shp-14-52,1,1
1199070,14,2,14 Fairhaven via WWU,,0,429,shp-14-51,1,1
1938070,14,2,14 Fairhaven via WWU,,0,329,shp-14-51,1,1
1461020,14,1,14 Fairhaven via WWU,,0,114,shp-14-52,1,1
2156070,14,2,14 Fairhaven via WWU,,0,229,shp-14-52,1,1
305020,14,1,14 Fairhaven via WWU,,0,314,shp-14-52,1,1
527070,14,2,14 Fairhaven via WWU,,0,129,shp-14-52,1,1
653010,14,3,14 Fairhaven via WWU,,0,214,shp-14-51,1,1
1981010,14,3,14 Fairhaven via WWU,,0,114,shp-14-51,1,1
530010,14,3,14 Fairhaven via WWU,,0,114,shp-14-51,1,1
1992010,14,3,14 Fairhaven via WWU,,0,214,shp-14-51,1,1
39010,14,3,14 Fairhaven via WWU,,0,114,shp-14-51,1,1
1984020,14,1,14 Fairhaven via WWU,,0,114,shp-14-52,1,1
588070,14,2,14 Fairhaven via WWU,,0,229,shp-14-52,1,1
2399090,14,4,14 Fairhaven via WWU,,0,114,shp-14-52,1,1
1727020,14,1,14 Fairhaven via WWU,,0,314,shp-14-52,1,1
1672010,14,3,14 Fairhaven via WWU,,0,214,shp-14-51,1,1
842090,14,4,14 Fairhaven via WWU,,0,314,shp-14-52,1,1
1206070,14,2,14 Fairhaven via WWU,,0,229,shp-14-52,1,1
1871010,14,3,14 Fairhaven via WWU,,0,114,shp-14-51,1,1
357070,14,2,14 Fairhaven via WWU,,0,129,shp-14-52,1,1
1841010,14,3,14 Fairhaven via WWU,,0,114,shp-14-51,1,1
2144070,14,2,14 Fairhaven via WWU,,0,129,shp-14-52,1,1
2609020,14S,1,14S WWU,,0,1A,shp-14S-51,1,1
476020,14S,1,14S WWU,,0,1A,shp-14S-51,1,1
725020,14S,1,14S WWU,,1,1D,shp-14S-01,1,1
1710020,14S,1,14S WWU,,0,1A,shp-14S-51,1,1
2654020,14S,1,14S WWU,,0,1A,shp-14S-51,1,1
2061020,14S,1,14S WWU,,1,1A,shp-14S-01,1,1
2342020,14S,1,14S WWU,,1,1A,shp-14S-01,1,1
1511020,14S,1,14S WWU,,1,1A,shp-14S-01,1,1
1685010,15,3,15 Cordata/WCC,,1,214,shp-15-01,1,1
1396020,15,1,15 Cordata/WCC,,1,114,shp-15-01,1,1
1007090,15,4,15 Cordata/WCC,,1,33,shp-15-01,1,1
1906010,15,3,15 Cordata/WCC,,1,214,shp-15-01,1,1
1618070,15,2,15 Cordata/WCC,,1,23,shp-15-01,1,1
57020,15,1,15 Cordata/WCC,,1,314,shp-15-01,1,1
2523070,15,2,15 Cordata/WCC,,1,229,shp-15-01,1,1
2468020,15,1,15 Cordata/WCC,,1,43,shp-15-01,1,1
1712070,15,2,15 Cordata/WCC,,1,129,shp-15-01,1,1
378070,15,2,15 Cordata/WCC,,1,13,shp-15-01,1,1
1045070,15,2,15 Cordata/WCC,,1,429,shp-15-01,1,1
1376070,15,2,15 Cordata/WCC,,1,43,shp-15-01,1,1
557090,15,4,15 Cordata/WCC,,1,314,shp-15-01,1,1
2670070,15,2,15 Cordata/WCC,,1,229,shp-15-01,1,1
1473070,15,2,15 Cordata/WCC,,1,13,shp-15-01,1,1
1342070,15,2,15 Cordata/WCC,,1,229,shp-15-01,1,1
149020,15,1,15 Cordata/WCC,,1,314,shp-15-01,1,1
190070,15,2,15 Cordata/WCC,,1,43,shp-15-01,1,1
1007020,15,1,15 Cordata/WCC,,1,33,shp-15-01,1,1
1864070,15,2,15 Cordata/WCC,,1,23,shp-15-01,1,1
1132070,15,2,15 Cordata/WCC,,1,329,shp-15-01,1,1
57090,15,4,15 Cordata/WCC,,1,314,shp-15-01,1,1
1595020,15,1,15 Cordata/WCC,,1,214,shp-15-01,1,1
615020,15,1,15 Cordata/WCC,,1,13,shp-15-01,1,1
2196070,15,2,15 Cordata/WCC,,1,129,shp-15-01,1,1
1883010,15,3,15 Cordata/WCC,,1,214,shp-15-01,1,1
1110020,15,1,15 Cordata/WCC,,1,114,shp-15-01,1,1
408090,15,4,15 Cordata/WCC,,1,43,shp-15-01,1,1
1411070,15,2,15 Cordata/WCC,,1,329,shp-15-01,1,1
2445020,15,1,15 Cordata/WCC,,1,43,shp-15-01,1,1
1070010,15,3,15 Cordata/WCC,,1,114,shp-15-01,1,1
2598010,15,3,15 Cordata/WCC,,1,214,shp-15-01,1,1
408020,15,1,15 Cordata/WCC,,1,43,shp-15-01,1,1
169070,15,2,15 Cordata/WCC,,1,23,shp-15-01,1,1
615090,15,4,15 Cordata/WCC,,1,13,shp-15-01,1,1
1518070,15,2,15 Cordata/WCC,,1,329,shp-15-01,1,1
1451090,15,4,15 Cordata/WCC,,1,314,shp-15-01,1,1
2256090,15,4,15 Cordata/WCC,,1,214,shp-15-01,1,1
501010,15,3,15 Cordata/WCC,,1,114,shp-15-01,1,1
1698070,15,2,15 Cordata/WCC,,1,229,shp-15-01,1,1
529020,15,1,15 Cordata/WCC,,1,23,shp-15-01,1,1
1401090,15,4,15 Cordata/WCC,,1,13,shp-15-01,1,1
2084090,15,4,15 Cordata/WCC,,1,13,shp-15-01,1,1
1152020,15,1,15 Cordata/WCC,,1,33,shp-15-01,1,1
2445090,15,4,15 Cordata/WCC,,1,43,shp-15-01,1,1
557020,15,1,15 Cordata/WCC,,1,314,shp-15-01,1,1
1110090,15,4,15 Cordata/WCC,,1,114,shp-15-01,1,1
529090,15,4,15 Cordata/WCC,,1,23,shp-15-01,1,1
2051070,15,2,15 Cordata/WCC,,1,33,shp-15-01,1,1
536020,15,1,15 Cordata/WCC,,1,314,shp-15-01,1,1
161090,15,4,15 Cordata/WCC,,1,414,shp-15-01,1,1
2532020,15,1,15 Cordata/WCC,,1,114,shp-15-01,1,1
2256020,15,1,15 Cordata/WCC,,1,214,shp-15-01,1,1
1595090,15,4,15 Cordata/WCC,,1,214,shp-15-01,1,1
113020,15,1,15 Cordata/WCC,,1,33,shp-15-01,1,1
1973090,15,4,15 Cordata/WCC,,1,414,shp-15-01,1,1
29020,15,1,15 Cordata/WCC,,1,23,shp-15-01,1,1
2213070,15,2,15 Cordata/WCC,,1,129,shp-15-01,1,1
2530070,15,2,15 Cordata/WCC,,1,33,shp-15-01,1,1
2444020,15,1,15 Cordata/WCC,,1,23,shp-15-01,1,1
1562070,15,2,15 Cordata/WCC,,1,129,shp-15-01,1,1
1396090,15,4,15 Cordata/WCC,,1,114,shp-15-01,1,1
149090,15,4,15 Cordata/WCC,,1,314,shp-15-01,1,1
1451020,15,1,15 Cordata/WCC,,1,314,shp-15-01,1,1
2668010,15,3,15 Cordata/WCC,,1,214,shp-15-01,1,1
2084020,15,1,15 Cordata/WCC,,1,13,shp-15-01,1,1
815010,15,3,15 Cordata/WCC,,1,214,shp-15-01,1,1
451010,15,3,15 Cordata/WCC,,1,114,shp-15-01,1,1
2162020,15,1,15 Cordata/WCC,,1,114,shp-15-01,1,1
1041090,15,4,15 Cordata/WCC,,1,214,shp-15-01,1,1
2468090,15,4,15 Cordata/WCC,,1,43,shp-15-01,1,1
2646010,15,3,15 Cordata/WCC,,1,114,shp-15-01,1,1
29090,15,4,15 Cordata/WCC,,1,23,shp-15-01,1,1
1105020,15,1,15 Cordata/WCC,,1,314,shp-15-01,1,1
783090,15,4,15 Cordata/WCC,,1,114,shp-15-01,1,1
536090,15,4,15 Cordata/WCC,,1,314,shp-15-01,1,1
1842070,15,2,15 Cordata/WCC,,1,13,shp-15-01,1,1
113090,15,4,15 Cordata/WCC,,1,33,shp-15-01,1,1
161020,15,1,15 Cordata/WCC,,1,414,shp-15-01,1,1
1709070,15,2,15 Cordata/WCC,,1,129,shp-15-01,1,1
754070,15,2,15 Cordata/WCC,,1,229,shp-15-01,1,1
720070,15,2,15 Cordata/WCC,,1,429,shp-15-01,1,1
2532090,15,4,15 Cordata/WCC,,1,114,shp-15-01,1,1
1041020,15,1,15 Cordata/WCC,,1,214,shp-15-01,1,1
1152090,15,4,15 Cordata/WCC,,1,33,shp-15-01,1,1
2162090,15,4,15 Cordata/WCC,,1,114,shp-15-01,1,1
2444090,15,4,15 Cordata/WCC,,1,23,shp-15-01,1,1
1068010,15,3,15 Cordata/WCC,,1,114,shp-15-01,1,1
1401020,15,1,15 Cordata/WCC,,1,13,shp-15-01,1,1
863010,15,3,15 Cordata/WCC,,1,114,shp-15-01,1,1
783020,15,1,15 Cordata/WCC,,1,114,shp-15-01,1,1
1973020,15,1,15 Cordata/WCC,,1,414,shp-15-01,1,1
1105090,15,4,15 Cordata/WCC,,1,314,shp-15-01,1,1
1817020,15,1,15 Downtown,,0,33,shp-15-51,1,1
1153010,15,3,15 Downtown,,0,214,shp-15-51,1,1
2651090,15,4,15 Downtown,,0,13,shp-15-51,1,1
711070,15,2,15 Downtown,,0,13,shp-15-51,1,1
49070,15,2,15 Downtown,,0,429,shp-15-51,1,1
12070,15,2,15 Downtown,,0,129,shp-15-51,1,1
1810070,15,2,15 Downtown,,0,229,shp-15-51,1,1
2648070,15,2,15 Downtown,,0,33,shp-15-51,1,1
1800020,15,1,15 Downtown,,0,13,shp-15-51,1,1
1525090,15,4,15 Downtown,,0,33,shp-15-51,1,1
940070,15,2,15 Downtown,,0,329,shp-15-51,1,1
992090,15,4,15 Downtown,,0,314,shp-15-51,1,1
1354020,15,1,15 Downtown,,0,114,shp-15-51,1,1
61020,15,1,15 Downtown,,0,114,shp-15-51,1,1
1207010,15,3,15 Downtown,,0,114,shp-15-51,1,1
2225020,15,1,15 Downtown,,0,43,shp-15-51,1,1
2112020,15,1,15 Downtown,,0,314,shp-15-51,1,1
2209020,15,1,15 Downtown,,0,23,shp-15-51,1,1
1354090,15,4,15 Downtown,,0,114,shp-15-51,1,1
2222070,15,2,15 Downtown,,0,229,shp-15-51,1,1
139020,15,1,15 Downtown,,0,23,shp-15-51,1,1
1964010,15,3,15 Downtown,,0,114,shp-15-51,1,1
1320070,15,2,15 Downtown,,0,23,shp-15-51,1,1
617090,15,4,15 Downtown,,0,23,shp-15-51,1,1
1936090,15,4,15 Downtown,,0,114,shp-15-51,1,1
365020,15,1,15 Downtown,,0,414,shp-15-51,1,1
950070,15,2,15 Downtown,,0,229,shp-15-51,1,1
2348010,15,3,15 Downtown,,0,114,shp-15-51,1,1
1087090,15,4,15 Downtown,,0,314,shp-15-51,1,1
139090,15,4,15 Downtown,,0,23,shp-15-51,1,1
365090,15,4,15 Downtown,,0,414,shp-15-51,1,1
721070,15,2,15 Downtown,,0,129,shp-15-51,1,1
1635070,15,2,15 Downtown,,0,43,shp-15-51,1,1
2651020,15,1,15 Downtown,,0,13,shp-15-51,1,1
237090,15,4,15 Downtown,,0,314,shp-15-51,1,1
580090,15,4,15 Downtown,,0,114,shp-15-51,1,1
1241070,15,2,15 Downtown,,0,13,shp-15-51,1,1
59010,15,3,15 Downtown,,0,114,shp-15-51,1,1
2231090,15,4,15 Downtown,,0,13,shp-15-51,1,1
1389090,15,4,15 Downtown,,0,114,shp-15-51,1,1
2112090,15,4,15 Downtown,,0,314,shp-15-51,1,1
2487020,15,1,15 Downtown,,0,114,shp-15-51,1,1
1577020,15,1,15 Downtown,,0,33,shp-15-51,1,1
2231020,15,1,15 Downtown,,0,13,shp-15-51,1,1
1612070,15,2,15 Downtown,,0,33,shp-15-51,1,1
209070,15,2,15 Downtown,,0,129,shp-15-51,1,1
492070,15,2,15 Downtown,,0,129,shp-15-51,1,1
1525020,15,1,15 Downtown,,0,33,shp-15-51,1,1
1681090,15,4,15 Downtown,,0,414,shp-15-51,1,1
127010,15,3,15 Downtown,,0,214,shp-15-51,1,1
61090,15,4,15 Downtown,,0,114,shp-15-51,1,1
1681020,15,1,15 Downtown,,0,414,shp-15-51,1,1
1753010,15,3,15 Downtown,,0,214,shp-15-51,1,1
280010,15,3,15 Downtown,,0,214,shp-15-51,1,1
1389020,15,1,15 Downtown,,0,114,shp-15-51,1,1
2209090,15,4,15 Downtown,,0,23,shp-15-51,1,1
2487090,15,4,15 Downtown,,0,114,shp-15-51,1,1
1075020,15,1,15 Downtown,,0,43,shp-15-51,1,1
1768070,15,2,15 Downtown,,0,429,shp-15-51,1,1
2086070,15,2,15 Downtown,,0,329,shp-15-51,1,1
2177010,15,3,15 Downtown,,0,214,shp-15-51,1,1
2320020,15,1,15 Downtown,,0,214,shp-15-51,1,1
1817090,15,4,15 Downtown,,0,33,shp-15-51,1,1
211020,15,1,15 Downtown,,0,214,shp-15-51,1,1
2076020,15,1,15 Downtown,,0,43,shp-15-51,1,1
1891070,15,2,15 Downtown,,0,23,shp-15-51,1,1
211090,15,4,15 Downtown,,0,214,shp-15-51,1,1
2076090,15,4,15 Downtown,,0,43,shp-15-51,1,1
275020,15,1,15 Downtown,,0,314,shp-15-51,1,1
275090,15,4,15 Downtown,,0,314,shp-15-51,1,1
1582010,15,3,15 Downtown,,0,214,shp-15-51,1,1
992020,15,1,15 Downtown,,0,314,shp-15-51,1,1
1407070,15,2,15 Downtown,,0,43,shp-15-51,1,1
375070,15,2,15 Downtown,,0,23,shp-15-51,1,1
2320090,15,4,15 Downtown,,0,214,shp-15-51,1,1
288070,15,2,15 Downtown,,0,229,shp-15-51,1,1
1087020,15,1,15 Downtown,,0,314,shp-15-51,1,1
617020,15,1,15 Downtown,,0,23,shp-15-51,1,1
1064020,15,1,15 Downtown,,0,314,shp-15-51,1,1
2631010,15,3,15 Downtown,,0,114,shp-15-51,1,1
1577090,15,4,15 Downtown,,0,33,shp-15-51,1,1
1176070,15,2,15 Downtown,,0,229,shp-15-51,1,1
1064090,15,4,15 Downtown,,0,314,shp-15-51,1,1
1800090,15,4,15 Downtown,,0,13,shp-15-51,1,1
1075090,15,4,15 Downtown,,0,43,shp-15-51,1,1
237020,15,1,15 Downtown,,0,314,shp-15-51,1,1
580020,15,1,15 Downtown,,0,114,shp-15-51,1,1
2457070,15,2,15 Downtown,,0,129,shp-15-51,1,1
1931070,15,2,15 Downtown,,0,43,shp-15-51,1,1
2225090,15,4,15 Downtown,,0,43,shp-15-51,1,1
2300010,15,3,15 Downtown,,0,114,shp-15-51,1,1
1936020,15,1,15 Downtown,,0,114,shp-15-51,1,1
936070,18,2,18 Cordata/WCC,,1,218,shp-18-01,1,1
1276020,18,1,18 Cordata/WCC,,1,118,shp-18-01,1,1
79090,18,4,18 Cordata/WCC,,1,218,shp-18-01,1,1
1442090,18,4,18 Cordata/WCC,,1,118,shp-18-01,1,1
1276090,18,4,18 Cordata/WCC,,1,118,shp-18-01,1,1
812070,18,2,18 Cordata/WCC,,1,118,shp-18-01,1,1
904010,18,3,18 Cordata/WCC,,1,218,shp-18-01,1,1
257090,18,4,18 Cordata/WCC,,1,218,shp-18-01,1,1
2509020,18,1,18 Cordata/WCC,,1,218,shp-18-01,1,1
1764010,18,3,18 Cordata/WCC,,1,218,shp-18-01,1,1
24090,18,4,18 Cordata/WCC,,1,118,shp-18-01,1,1
1067010,18,3,18 Cordata/WCC,,1,118,shp-18-01,1,1
2446090,18,4,18 Cordata/WCC,,1,218,shp-18-01,1,1
24020,18,1,18 Cordata/WCC,,1,118,shp-18-01,1,1
2092010,18,3,18 Cordata/WCC,,1,118,shp-18-01,1,1
1918070,18,2,18 Cordata/WCC,,1,218,shp-18-01,1,1
166010,18,3,18 Cordata/WCC,,1,218,shp-18-01,1,1
1442020,18,1,18 Cordata/WCC,,1,118,shp-18-01,1,1
977070,18,2,18 Cordata/WCC,,1,218,shp-18-01,1,1
1827010,18,3,18 Cordata/WCC,,1,118,shp-18-01,1,1
1956070,18,2,18 Cordata/WCC,,1,118,shp-18-01,1,1
1661020,18,1,18 Cordata/WCC,,1,218,shp-18-01,1,1
1957070,18,2,18 Cordata/WCC,,1,118,shp-18-01,1,1
2446020,18,1,18 Cordata/WCC,,1,218,shp-18-01,1,1
1107070,18,2,18 Cordata/WCC,,1,218,shp-18-01,1,1
1661090,18,4,18 Cordata/WCC,,1,218,shp-18-01,1,1
2665070,18,2,18 Cordata/WCC,,1,118,shp-18-01,1,1
2407010,18,3,18 Cordata/WCC,,1,218,shp-18-01,1,1
2392090,18,4,18 Cordata/WCC,,1,118,shp-18-01,1,1
2392020,18,1,18 Cordata/WCC,,1,118,shp-18-01,1,1
1673090,18,4,18 Cordata/WCC,,1,118,shp-18-01,1,1
990070,18,2,18 Cordata/WCC,,1,218,shp-18-01,1,1
2514020,18,1,18 Cordata/WCC,,1,118,shp-18-01,1,1
268090,18,4,18 Cordata/WCC,,1,218,shp-18-01,1,1
2269070,18,2,18 Cordata/WCC,,1,218,shp-18-01,1,1
1197010,18,3,18 Cordata/WCC,,1,118,shp-18-01,1,1
833010,18,3,18 Cordata/WCC,,1,118,shp-18-01,1,1
2168070,18,2,18 Cordata/WCC,,1,118,shp-18-01,1,1
2564010,18,3,18 Cordata/WCC,,1,218,shp-18-01,1,1
985070,18,2,18 Cordata/WCC,,1,118,shp-18-01,1,1
2343010,18,3,18 Cordata/WCC,,1,218,shp-18-01,1,1
1673020,18,1,18 Cordata/WCC,,1,118,shp-18-01,1,1
268020,18,1,18 Cordata/WCC,,1,218,shp-18-01,1,1
2514090,18,4,18 Cordata/WCC,,1,118,shp-18-01,1,1
420020,18,1,18 Cordata/WCC,,1,218,shp-18-01,1,1
420090,18,4,18 Cordata/WCC,,1,218,shp-18-01,1,1
2509090,18,4,18 Cordata/WCC,,1,218,shp-18-01,1,1
257020,18,1,18 Cordata/WCC,,1,218,shp-18-01,1,1
79020,18,1,18 Cordata/WCC,,1,218,shp-18-01,1,1
88020,18,1,18 Hospital,,0,118,shp-18-51,1,1
1663090,18,4,18 Hospital,,0,118,shp-18-51,1,1
1792020,18,1,18 Hospital,,0,218,shp-18-51,1,1
2410010,18,3,18 Hospital,,0,118,shp-18-51,1,1
2195020,18,1,18 Hospital,,0,218,shp-18-51,1,1
96070,18,2,18 Hospital,,0,118,shp-18-51,1,1
1785020,18,1,18 Hospital,,0,118,shp-18-51,1,1
2063020,18,1,18 Hospital,,0,218,shp-18-51,1,1
4070,18,2,18 Hospital,,0,218,shp-18-51,1,1
1585070,18,2,18 Hospital,,0,218,shp-18-51,1,1
1464020,18,1,18 Hospital,,0,218,shp-18-51,1,1
77020,18,1,18 Hospital,,0,118,shp-18-51,1,1
2567010,18,3,18 Hospital,,0,218,shp-18-51,1,1
1425090,18,4,18 Hospital,,0,118,shp-18-51,1,1
2079070,18,2,18 Hospital,,0,118,shp-18-51,1,1
1792090,18,4,18 Hospital,,0,218,shp-18-51,1,1
393070,18,2,18 Hospital,,0,118,shp-18-51,1,1
185020,18,1,18 Hospital,,0,218,shp-18-51,1,1
2337010,18,3,18 Hospital,,0,218,shp-18-51,1,1
1785090,18,4,18 Hospital,,0,118,shp-18-51,1,1
2247020,18,1,18 Hospital,,0,118,shp-18-51,1,1
2063090,18,4,18 Hospital,,0,218,shp-18-51,1,1
1425020,18,1,18 Hospital,,0,118,shp-18-51,1,1
2199010,18,3,18 Hospital,,0,218,shp-18-51,1,1
442020,18,1,18 Hospital,,0,218,shp-18-51,1,1
605070,18,2,18 Hospital,,0,218,shp-18-51,1,1
2247090,18,4,18 Hospital,,0,118,shp-18-51,1,1
2007010,18,3,18 Hospital,,0,118,shp-18-51,1,1
88090,18,4,18 Hospital,,0,118,shp-18-51,1,1
1464090,18,4,18 Hospital,,0,218,shp-18-51,1,1
2159070,18,2,18 Hospital,,0,118,shp-18-51,1,1
2412010,18,3,18 Hospital,,0,218,shp-18-51,1,1
1572010,18,3,18 Hospital,,0,118,shp-18-51,1,1
613010,18,3,18 Hospital,,0,118,shp-18-51,1,1
2072010,18,3,18 Hospital,,0,218,shp-18-51,1,1
2195090,18,4,18 Hospital,,0,218,shp-18-51,1,1
185090,18,4,18 Hospital,,0,218,shp-18-51,1,1
442090,18,4,18 Hospital,,0,218,shp-18-51,1,1
1143020,18,1,18 Hospital,,0,218,shp-18-51,1,1
77090,18,4,18 Hospital,,0,118,shp-18-51,1,1
2046070,18,2,18 Hospital,,0,118,shp-18-51,1,1
1143090,18,4,18 Hospital,,0,218,shp-18-51,1,1
772070,18,2,18 Hospital,,0,218,shp-18-51,1,1
230010,18,3,18 Hospital,,0,218,shp-18-51,1,1
1505070,18,2,18 Hospital,,0,118,shp-18-51,1,1
1663020,18,1,18 Hospital,,0,118,shp-18-51,1,1
362070,18,2,18 Hospital,,0,218,shp-18-51,1,1
860070,18,2,18 Hospital,,0,218,shp-18-51,1,1
1895010,18,3,18 Hospital,,0,118,shp-18-51,1,1
1579010,190,3,190 Downtown,,1,2190,shp-190-07,1,1
551010,190,3,190 Downtown,,1,1190,shp-190-07,1,1
1573020,190,1,190 Downtown,,1,2190,shp-190-07,1,1
606020,190,1,190 Downtown,,1,4190,shp-190-07,1,1
2183020,190,1,190 Downtown,,1,4190,shp-190-07,1,1
1540070,190,2,190 Downtown,,1,2190,shp-190-07,1,1
1043090,190,4,190 Downtown,,1,2190,shp-190-07,1,1
1457090,190,4,190 Downtown,,1,4190,shp-190-07,1,1
1989070,190,2,190 Downtown,,1,3190,shp-190-07,1,1
50070,190,2,190 Downtown,,1,1190,shp-190-07,1,1
606090,190,4,190 Downtown,,1,4190,shp-190-07,1,1
150090,190,4,190 Downtown,,1,4190,shp-190-07,1,1
1054070,190,2,190 Downtown,,1,4190,shp-190-07,1,1
2183090,190,4,190 Downtown,,1,4190,shp-190-07,1,1
121070,190,2,190 Downtown,,1,3190,shp-190-07,1,1
970090,190,4,190 Downtown,,1,1190,shp-190-07,1,1
2133070,190,2,190 Downtown,,1,1190,shp-190-07,1,1
1547070,190,2,190 Downtown,,1,4190,shp-190-07,1,1
1778020,190,1,190 Downtown,,1,2190,shp-190-07,1,1
1213020,190,1,190 Downtown,,1,1190,shp-190-07,1,1
799070,190,2,190 Downtown,,1,2190,shp-190-07,1,1
1286090,190,4,190 Downtown,,1,2190,shp-190-07,1,1
214090,190,4,190 Downtown,,1,3190,shp-190-07,1,1
348020,190,1,190 Downtown,,1,3190,shp-190-07,1,1
1932090,190,4,190 Downtown,,1,4190,shp-190-07,1,1
1654020,190,1,190 Downtown,,1,1190,shp-190-07,1,1
756020,190,1,190 Downtown,,1,4190,shp-190-07,1,1
1057070,190,2,190 Downtown,,1,1190,shp-190-07,1,1
2543020,190,1,190 Downtown,,1,3190,shp-190-07,1,1
2078020,190,1,190 Downtown,,1,2190,shp-190-07,1,1
1020020,190,1,190 Downtown,,1,2190,shp-190-07,1,1
1819020,190,1,190 Downtown,,1,3190,shp-190-07,1,1
1726010,190,3,190 Downtown,,1,1190,shp-190-07,1,1
1963090,190,4,190 Downtown,,1,1190,shp-190-06,1,1
271020,190,1,190 Downtown,,1,1190,shp-190-07,1,1
355020,190,1,190 Downtown,,1,1190,shp-190-07,1,1
2531090,190,4,190 Downtown,,1,3190,shp-190-07,1,1
1357020,190,1,190 Downtown,,1,3190,shp-190-07,1,1
779020,190,1,190 Downtown,,1,1190,shp-190-07,1,1
1395090,190,4,190 Downtown,,1,4190,shp-190-07,1,1
1118020,190,1,190 Downtown,,1,1190,shp-190-07,1,1
2629090,190,4,190 Downtown,,1,1190,shp-190-07,1,1
348090,190,4,190 Downtown,,1,3190,shp-190-07,1,1
310020,190,1,190 Downtown,,1,4190,shp-190-07,1,1
1385070,190,2,190 Downtown,,1,2190,shp-190-07,1,1
716070,190,2,190 Downtown,,1,1190,shp-190-07,1,1
1357090,190,4,190 Downtown,,1,3190,shp-190-07,1,1
33090,190,4,190 Downtown,,1,1190,shp-190-07,1,1
1018070,190,2,190 Downtown,,1,2190,shp-190-07,1,1
504020,190,1,190 Downtown,,1,3190,shp-190-07,1,1
1213090,190,4,190 Downtown,,1,1190,shp-190-07,1,1
847090,190,4,190 Downtown,,1,2190,shp-190-07,1,1
172020,190,1,190 Downtown,,1,3190,shp-190-07,1,1
1928070,190,2,190 Downtown,,1,3190,shp-190-07,1,1
2434090,190,4,190 Downtown,,1,2190,shp-190-07,1,1
1778090,190,4,190 Downtown,,1,2190,shp-190-07,1,1
1802020,190,1,190 Downtown,,1,4190,shp-190-07,1,1
2107020,190,1,190 Downtown,,1,3190,shp-190-07,1,1
1823010,190,3,190 Downtown,,1,2190,shp-190-07,1,1
43070,190,2,190 Downtown,,1,4190,shp-190-07,1,1
1932020,190,1,190 Downtown,,1,4190,shp-190-07,1,1
409070,190,2,190 Downtown,,1,2190,shp-190-07,1,1
869010,190,3,190 Downtown,,1,1190,shp-190-07,1,1
2656090,190,4,190 Downtown,,1,1190,shp-190-07,1,1
2520070,190,2,190 Downtown,,1,2190,shp-190-07,1,1
182090,190,4,190 Downtown,,1,3190,shp-190-07,1,1
2204010,190,3,190 Downtown,,1,2190,shp-190-07,1,1
2578090,190,4,190 Downtown,,1,3190,shp-190-07,1,1
1178090,190,4,190 Downtown,,1,2190,shp-190-07,1,1
141070,190,2,190 Downtown,,1,4190,shp-190-07,1,1
1008070,190,2,190 Downtown,,1,1190,shp-190-07,1,1
1043020,190,1,190 Downtown,,1,2190,shp-190-07,1,1
428010,190,3,190 Downtown,,1,1190,shp-190-07,1,1
504090,190,4,190 Downtown,,1,3190,shp-190-07,1,1
1003090,190,4,190 Downtown,,1,3190,shp-190-07,1,1
779090,190,4,190 Downtown,,1,1190,shp-190-07,1,1
763010,190,3,190 Downtown,,1,2190,shp-190-07,1,1
2486090,190,4,190 Downtown,,1,3190,shp-190-07,1,1
316010,190,3,190 Downtown,,1,2190,shp-190-07,1,1
814070,190,2,190 Downtown,,1,1190,shp-190-07,1,1
217010,190,3,190 Downtown,,1,1190,shp-190-07,1,1
2629020,190,1,190 Downtown,,1,1190,shp-190-07,1,1
1494020,190,1,190 Downtown,,1,2190,shp-190-07,1,1
215070,190,2,190 Downtown,,1,2190,shp-190-07,1,1
1711020,190,1,190 Downtown,,1,3190,shp-190-07,1,1
1264090,190,4,190 Downtown,,1,4190,shp-190-07,1,1
1819090,190,4,190 Downtown,,1,3190,shp-190-07,1,1
1118090,190,4,190 Downtown,,1,1190,shp-190-07,1,1
154020,190,1,190 Downtown,,1,3190,shp-190-07,1,1
1080090,190,4,190 Downtown,,1,4190,shp-190-07,1,1
2531020,190,1,190 Downtown,,1,3190,shp-190-07,1,1
1239010,190,3,190 Downtown,,1,1190,shp-190-07,1,1
2497010,190,3,190 Downtown,,1,2190,shp-190-07,1,1
502070,190,2,190 Downtown,,1,1190,shp-190-07,1,1
1003020,190,1,190 Downtown,,1,3190,shp-190-07,1,1
1772020,190,1,190 Downtown,,1,2190,shp-190-07,1,1
182020,190,1,190 Downtown,,1,3190,shp-190-07,1,1
1851010,190,3,190 Downtown,,1,1190,shp-190-07,1,1
150020,190,1,190 Downtown,,1,4190,shp-190-07,1,1
1963020,190,1,190 Downtown,,1,1190,shp-190-06,1,1
463090,190,4,190 Downtown,,1,2190,shp-190-07,1,1
555010,190,3,190 Downtown,,1,2190,shp-190-07,1,1
1744070,190,2,190 Downtown,,1,1190,shp-190-07,1,1
652070,190,2,190 Downtown,,1,1190,shp-190-07,1,1
521070,190,2,190 Downtown,,1,1190,shp-190-07,1,1
2275010,190,3,190 Downtown,,1,2190,shp-190-06,1,1
2595020,190,1,190 Downtown,,1,3190,shp-190-07,1,1
620090,190,4,190 Downtown,,1,2190,shp-190-07,1,1
1395020,190,1,190 Downtown,,1,4190,shp-190-07,1,1
1234010,190,3,190 Downtown,,1,1190,shp-190-07,1,1
1080020,190,1,190 Downtown,,1,4190,shp-190-07,1,1
2543090,190,4,190 Downtown,,1,3190,shp-190-07,1,1
154090,190,4,190 Downtown,,1,3190,shp-190-07,1,1
410070,190,2,190 Downtown,,1,3190,shp-190-07,1,1
310090,190,4,190 Downtown,,1,4190,shp-190-07,1,1
1284020,190,1,190 Downtown,,1,1190,shp-190-07,1,1
1728070,190,2,190 Downtown,,1,1190,shp-190-07,1,1
214020,190,1,190 Downtown,,1,3190,shp-190-07,1,1
2135090,190,4,190 Downtown,,1,4190,shp-190-07,1,1
1178020,190,1,190 Downtown,,1,2190,shp-190-07,1,1
2206070,190,2,190 Downtown,,1,1190,shp-190-07,1,1
929070,190,2,190 Downtown,,1,2190,shp-190-07,1,1
1337090,190,4,190 Downtown,,1,4190,shp-190-07,1,1
1469090,190,4,190 Downtown,,1,4190,shp-190-07,1,1
2078090,190,4,190 Downtown,,1,2190,shp-190-07,1,1
756090,190,4,190 Downtown,,1,4190,shp-190-07,1,1
970020,190,1,190 Downtown,,1,1190,shp-190-07,1,1
1469020,190,1,190 Downtown,,1,4190,shp-190-07,1,1
2578020,190,1,190 Downtown,,1,3190,shp-190-07,1,1
287020,190,1,190 Downtown,,1,2190,shp-190-07,1,1
620020,190,1,190 Downtown,,1,2190,shp-190-07,1,1
767090,190,4,190 Downtown,,1,4190,shp-190-07,1,1
1772090,190,4,190 Downtown,,1,2190,shp-190-07,1,1
323020,190,1,190 Downtown,,1,1190,shp-190-07,1,1
2541020,190,1,190 Downtown,,1,2190,shp-190-07,1,1
767020,190,1,190 Downtown,,1,4190,shp-190-07,1,1
323090,190,4,190 Downtown,,1,1190,shp-190-07,1,1
1711090,190,4,190 Downtown,,1,3190,shp-190-07,1,1
2595090,190,4,190 Downtown,,1,3190,shp-190-07,1,1
2434020,190,1,190 Downtown,,1,2190,shp-190-07,1,1
2541090,190,4,190 Downtown,,1,2190,shp-190-07,1,1
1337020,190,1,190 Downtown,,1,4190,shp-190-07,1,1
1447010,190,3,190 Downtown,,1,2190,shp-190-07,1,1
292070,190,2,190 Downtown,,1,2190,shp-190-07,1,1
1286020,190,1,190 Downtown,,1,2190,shp-190-07,1,1
287090,190,4,190 Downtown,,1,2190,shp-190-07,1,1
1163070,190,2,190 Downtown,,1,2190,shp-190-07,1,1
2638070,190,2,190 Downtown,,1,1190,shp-190-07,1,1
1189070,190,2,190 Downtown,,1,4190,shp-190-07,1,1
494070,190,2,190 Downtown,,1,4190,shp-190-07,1,1
1020090,190,4,190 Downtown,,1,2190,shp-190-07,1,1
1264020,190,1,190 Downtown,,1,4190,shp-190-07,1,1
1284090,190,4,190 Downtown,,1,1190,shp-190-07,1,1
847020,190,1,190 Downtown,,1,2190,shp-190-07,1,1
742010,190,3,190 Downtown,,1,2190,shp-190-07,1,1
1573090,190,4,190 Downtown,,1,2190,shp-190-07,1,1
271090,190,4,190 Downtown,,1,1190,shp-190-07,1,1
589010,190,3,190 Downtown,,1,2190,shp-190-06,1,1
612010,190,3,190 Downtown,,1,2190,shp-190-07,1,1
1802090,190,4,190 Downtown,,1,4190,shp-190-07,1,1
1494090,190,4,190 Downtown,,1,2190,shp-190-07,1,1
355090,190,4,190 Downtown,,1,1190,shp-190-07,1,1
172090,190,4,190 Downtown,,1,3190,shp-190-07,1,1
628070,190,2,190 Downtown,,1,2190,shp-190-07,1,1
1457020,190,1,190 Downtown,,1,4190,shp-190-07,1,1
2135020,190,1,190 Downtown,,1,4190,shp-190-07,1,1
68010,190,3,190 Downtown,,1,2190,shp-190-07,1,1
463020,190,1,190 Downtown,,1,2190,shp-190-07,1,1
968070,190,2,190 Downtown,,1,1190,shp-190-07,1,1
2486020,190,1,190 Downtown,,1,3190,shp-190-07,1,1
1450070,190,2,190 Downtown,,1,4190,shp-190-07,1,1
1762070,190,2,190 Downtown,,1,3190,shp-190-07,1,1
101070,190,2,190 Downtown,,1,4190,shp-190-07,1,1
1921010,190,3,190 Downtown,,1,1190,shp-190-07,1,1
33020,190,1,190 Downtown,,1,1190,shp-190-07,1,1
2656020,190,1,190 Downtown,,1,1190,shp-190-07,1,1
761010,190,3,190 Downtown,,1,1190,shp-190-07,1,1
2153010,190,3,190 Downtown,,1,2190,shp-190-07,1,1
2107090,190,4,190 Downtown,,1,3190,shp-190-07,1,1
498070,190,2,190 Downtown,,1,2190,shp-190-07,1,1
1654090,190,4,190 Downtown,,1,1190,shp-190-07,1,1
2202070,190,2,190 Downtown,,1,4190,shp-190-07,1,1
2315010,190,3,190 Downtown,,1,1190,shp-190-07,1,1
2274010,190,3,190 Downtown,,1,1190,shp-190-07,1,1
2395070,190,2,190 Downtown,,1,2190,shp-190-07,1,1
734070,190,2,190 Downtown,,1,2190,shp-190-07,1,1
2550090,190,4,190 Lincoln St,,0,3190,shp-190-53,1,1
1398020,190,1,190 Lincoln St,,0,1190,shp-190-53,1,1
1022010,190,3,190 Lincoln St,,0,2190,shp-190-53,1,1
1535070,190,2,190 Lincoln St,,0,1190,shp-190-53,1,1
2353010,190,3,190 Lincoln St,,0,2190,shp-190-53,1,1
2356090,190,4,190 Lincoln St,,0,1190,shp-190-53,1,1
750020,190,1,190 Lincoln St,,0,2190,shp-190-53,1,1
1127020,190,1,190 Lincoln St,,0,2190,shp-190-53,1,1
2329070,190,2,190 Lincoln St,,0,1190,shp-190-53,1,1
2276090,190,4,190 Lincoln St,,0,3190,shp-190-53,1,1
2233020,190,1,190 Lincoln St,,0,2190,shp-190-53,1,1
1586020,190,1,190 Lincoln St,,0,4190,shp-190-53,1,1
441090,190,4,190 Lincoln St,,0,4190,shp-190-53,1,1
419090,190,4,190 Lincoln St,,0,2190,shp-190-53,1,1
2312090,190,4,190 Lincoln St,,0,4190,shp-190-53,1,1
1677070,190,2,190 Lincoln St,,0,3190,shp-190-53,1,1
2031090,190,4,190 Lincoln St,,0,3190,shp-190-53,1,1
1438070,190,2,190 Lincoln St,,0,2190,shp-190-53,1,1
2266070,190,2,190 Lincoln St,,0,1190,shp-190-53,1,1
1607090,190,4,190 Lincoln St,,0,1190,shp-190-53,1,1
339020,190,1,190 Lincoln St,,0,3190,shp-190-53,1,1
1760090,190,4,190 Lincoln St,,0,2190,shp-190-53,1,1
243010,190,3,190 Lincoln St,,0,2190,shp-190-53,1,1
515090,190,4,190 Lincoln St,,0,3190,shp-190-53,1,1
817090,190,4,190 Lincoln St,,0,2190,shp-190-53,1,1
2587090,190,4,190 Lincoln St,,0,3190,shp-190-53,1,1
1676090,190,4,190 Lincoln St,,0,3190,shp-190-53,1,1
1586090,190,4,190 Lincoln St,,0,4190,shp-190-53,1,1
1747070,190,2,190 Lincoln St,,0,1190,shp-190-53,1,1
1044070,190,2,190 Lincoln St,,0,1190,shp-190-53,1,1
1454020,190,1,190 Lincoln St,,0,2190,shp-190-53,1,1
168070,190,2,190 Lincoln St,,0,1190,shp-190-53,1,1
458090,190,4,190 Lincoln St,,0,4190,shp-190-53,1,1
1333090,190,4,190 Lincoln St,,0,4190,shp-190-53,1,1
1017070,190,2,190 Lincoln St,,0,2190,shp-190-53,1,1
2216070,190,2,190 Lincoln St,,0,4190,shp-190-53,1,1
1454090,190,4,190 Lincoln St,,0,2190,shp-190-53,1,1
2618070,190,2,190 Lincoln St,,0,2190,shp-190-53,1,1
384090,190,4,190 Lincoln St,,0,4190,shp-190-53,1,1
1619070,190,2,190 Lincoln St,,0,1190,shp-190-53,1,1
2192070,190,2,190 Lincoln St,,0,1190,shp-190-53,1,1
2505090,190,4,190 Lincoln St,,0,1190,shp-190-53,1,1
1266070,190,2,190 Lincoln St,,0,2190,shp-190-53,1,1
1607020,190,1,190 Lincoln St,,0,1190,shp-190-53,1,1
1793090,190,4,190 Lincoln St,,0,4190,shp-190-53,1,1
250090,190,4,190 Lincoln St,,0,2190,shp-190-53,1,1
1708070,190,2,190 Lincoln St,,0,1190,shp-190-53,1,1
1010070,190,2,190 Lincoln St,,0,3190,shp-190-53,1,1
207070,190,2,190 Lincoln St,,0,4190,shp-190-53,1,1
907020,190,1,190 Lincoln St,,0,3190,shp-190-53,1,1
1246070,190,2,190 Lincoln St,,0,3190,shp-190-53,1,1
514010,190,3,190 Lincoln St,,0,1190,shp-190-53,1,1
2215090,190,4,190 Lincoln St,,0,4190,shp-190-53,1,1
1793020,190,1,190 Lincoln St,,0,4190,shp-190-53,1,1
2031020,190,1,190 Lincoln St,,0,3190,shp-190-53,1,1
334020,190,1,190 Lincoln St,,0,3190,shp-190-53,1,1
58090,190,4,190 Lincoln St,,0,1190,shp-190-53,1,1
376020,190,1,190 Lincoln St,,0,3190,shp-190-53,1,1
1976010,190,3,190 Lincoln St,,0,2190,shp-190-53,1,1
1157090,190,4,190 Lincoln St,,0,3190,shp-190-53,1,1
515020,190,1,190 Lincoln St,,0,3190,shp-190-53,1,1
2254090,190,4,190 Lincoln St,,0,1190,shp-190-53,1,1
1668010,190,3,190 Lincoln St,,0,1190,shp-190-53,1,1
513010,190,3,190 Lincoln St,,0,2190,shp-190-53,1,1
995020,190,1,190 Lincoln St,,0,4190,shp-190-53,1,1
1837020,190,1,190 Lincoln St,,0,1190,shp-190-53,1,1
1089090,190,4,190 Lincoln St,,0,2190,shp-190-53,1,1
1129010,190,3,190 Lincoln St,,0,2190,shp-190-53,1,1
948010,190,3,190 Lincoln St,,0,1190,shp-190-53,1,1
356020,190,1,190 Lincoln St,,0,3190,shp-190-53,1,1
126020,190,1,190 Lincoln St,,0,2190,shp-190-53,1,1
2276020,190,1,190 Lincoln St,,0,3190,shp-190-53,1,1
1760020,190,1,190 Lincoln St,,0,2190,shp-190-53,1,1
2587020,190,1,190 Lincoln St,,0,3190,shp-190-53,1,1
657010,190,3,190 Lincoln St,,0,2190,shp-190-53,1,1
524090,190,4,190 Lincoln St,,0,2190,shp-190-53,1,1
2258070,190,2,190 Lincoln St,,0,4190,shp-190-53,1,1
1596020,190,1,190 Lincoln St,,0,4190,shp-190-53,1,1
2494090,190,4,190 Lincoln St,,0,3190,shp-190-53,1,1
2450020,190,1,190 Lincoln St,,0,4190,shp-190-53,1,1
1844090,190,4,190 Lincoln St,,0,3190,shp-190-53,1,1
2330070,190,2,190 Lincoln St,,0,2190,shp-190-53,1,1
1630010,190,3,190 Lincoln St,,0,1190,shp-190-53,1,1
715090,190,4,190 Lincoln St,,0,2190,shp-190-53,1,1
339090,190,4,190 Lincoln St,,0,3190,shp-190-53,1,1
2069020,190,1,190 Lincoln St,,0,3190,shp-190-53,1,1
2254020,190,1,190 Lincoln St,,0,1190,shp-190-53,1,1
384020,190,1,190 Lincoln St,,0,4190,shp-190-53,1,1
1032090,190,4,190 Lincoln St,,0,1190,shp-190-53,1,1
2312020,190,1,190 Lincoln St,,0,4190,shp-190-53,1,1
2020070,190,2,190 Lincoln St,,0,2190,shp-190-53,1,1
1032020,190,1,190 Lincoln St,,0,1190,shp-190-53,1,1
37090,190,4,190 Lincoln St,,0,4190,shp-190-53,1,1
102020,190,1,190 Lincoln St,,0,1190,shp-190-53,1,1
2488020,190,1,190 Lincoln St,,0,4190,shp-190-53,1,1
809010,190,3,190 Lincoln St,,0,1190,shp-190-53,1,1
817020,190,1,190 Lincoln St,,0,2190,shp-190-53,1,1
1894010,190,3,190 Lincoln St,,0,1190,shp-190-53,1,1
2450090,190,4,190 Lincoln St,,0,4190,shp-190-53,1,1
2494020,190,1,190 Lincoln St,,0,3190,shp-190-53,1,1
1016070,190,2,190 Lincoln St,,0,1190,shp-190-53,1,1
2388020,190,1,190 Lincoln St,,0,3190,shp-190-53,1,1
1596090,190,4,190 Lincoln St,,0,4190,shp-190-53,1,1
1127090,190,4,190 Lincoln St,,0,2190,shp-190-53,1,1
1844020,190,1,190 Lincoln St,,0,3190,shp-190-53,1,1
250020,190,1,190 Lincoln St,,0,2190,shp-190-53,1,1
1852070,190,2,190 Lincoln St,,0,4190,shp-190-53,1,1
524020,190,1,190 Lincoln St,,0,2190,shp-190-53,1,1
1983010,190,3,190 Lincoln St,,0,2190,shp-190-53,1,1
1966090,190,4,190 Lincoln St,,0,2190,shp-190-53,1,1
907090,190,4,190 Lincoln St,,0,3190,shp-190-53,1,1
37020,190,1,190 Lincoln St,,0,4190,shp-190-53,1,1
2489070,190,2,190 Lincoln St,,0,2190,shp-190-53,1,1
664090,190,4,190 Lincoln St,,0,4190,shp-190-53,1,1
1966020,190,1,190 Lincoln St,,0,2190,shp-190-53,1,1
376090,190,4,190 Lincoln St,,0,3190,shp-190-53,1,1
540070,190,2,190 Lincoln St,,0,3190,shp-190-53,1,1
1714070,190,2,190 Lincoln St,,0,1190,shp-190-53,1,1
1089020,190,1,190 Lincoln St,,0,2190,shp-190-53,1,1
2488090,190,4,190 Lincoln St,,0,4190,shp-190-53,1,1
1230090,190,4,190 Lincoln St,,0,4190,shp-190-53,1,1
750090,190,4,190 Lincoln St,,0,2190,shp-190-53,1,1
2362010,190,3,190 Lincoln St,,0,2190,shp-190-53,1,1
1748090,190,4,190 Lincoln St,,0,1190,shp-190-53,1,1
1522090,190,4,190 Lincoln St,,0,2190,shp-190-53,1,1
2676010,190,3,190 Lincoln St,,0,2190,shp-190-53,1,1
627010,190,3,190 Lincoln St,,0,1190,shp-190-53,1,1
718070,190,2,190 Lincoln St,,0,2190,shp-190-53,1,1
664020,190,1,190 Lincoln St,,0,4190,shp-190-53,1,1
2115070,190,2,190 Lincoln St,,0,1190,shp-190-53,1,1
1748020,190,1,190 Lincoln St,,0,1190,shp-190-53,1,1
1750090,190,4,190 Lincoln St,,0,2190,shp-190-53,1,1
481070,190,2,190 Lincoln St,,0,4190,shp-190-53,1,1
119010,190,3,190 Lincoln St,,0,1190,shp-190-53,1,1
1900070,190,2,190 Lincoln St,,0,4190,shp-190-53,1,1
2586010,190,3,190 Lincoln St,,0,1190,shp-190-53,1,1
855010,190,3,190 Lincoln St,,0,1190,shp-190-53,1,1
2505020,190,1,190 Lincoln St,,0,1190,shp-190-53,1,1
1721070,190,2,190 Lincoln St,,0,2190,shp-190-53,1,1
2420070,190,2,190 Lincoln St,,0,3190,shp-190-53,1,1
715020,190,1,190 Lincoln St,,0,2190,shp-190-53,1,1
2361070,190,2,190 Lincoln St,,0,2190,shp-190-53,1,1
995090,190,4,190 Lincoln St,,0,4190,shp-190-53,1,1
1157020,190,1,190 Lincoln St,,0,3190,shp-190-53,1,1
1208090,190,4,190 Lincoln St,,0,2190,shp-190-53,1,1
1012090,190,4,190 Lincoln St,,0,4190,shp-190-53,1,1
2350020,190,1,190 Lincoln St,,0,1190,shp-190-53,1,1
1398090,190,4,190 Lincoln St,,0,1190,shp-190-53,1,1
2465070,190,2,190 Lincoln St,,0,2190,shp-190-53,1,1
1244070,190,2,190 Lincoln St,,0,4190,shp-190-53,1,1
458020,190,1,190 Lincoln St,,0,4190,shp-190-53,1,1
1898070,190,2,190 Lincoln St,,0,2190,shp-190-53,1,1
2356020,190,1,190 Lincoln St,,0,1190,shp-190-53,1,1
1676020,190,1,190 Lincoln St,,0,3190,shp-190-53,1,1
441020,190,1,190 Lincoln St,,0,4190,shp-190-53,1,1
126090,190,4,190 Lincoln St,,0,2190,shp-190-53,1,1
901010,190,3,190 Lincoln St,,0,2190,shp-190-53,1,1
1012020,190,1,190 Lincoln St,,0,4190,shp-190-53,1,1
2233090,190,4,190 Lincoln St,,0,2190,shp-190-53,1,1
1496070,190,2,190 Lincoln St,,0,1190,shp-190-53,1,1
2499010,190,3,190 Lincoln St,,0,1190,shp-190-53,1,1
419020,190,1,190 Lincoln St,,0,2190,shp-190-53,1,1
334090,190,4,190 Lincoln St,,0,3190,shp-190-53,1,1
2388090,190,4,190 Lincoln St,,0,3190,shp-190-53,1,1
1208020,190,1,190 Lincoln St,,0,2190,shp-190-53,1,1
102090,190,4,190 Lincoln St,,0,1190,shp-190-53,1,1
1783010,190,3,190 Lincoln St,,0,1190,shp-190-53,1,1
2215020,190,1,190 Lincoln St,,0,4190,shp-190-53,1,1
136020,190,1,190 Lincoln St,,0,1190,shp-190-53,1,1
356090,190,4,190 Lincoln St,,0,3190,shp-190-53,1,1
136090,190,4,190 Lincoln St,,0,1190,shp-190-53,1,1
2350090,190,4,190 Lincoln St,,0,1190,shp-190-53,1,1
1333020,190,1,190 Lincoln St,,0,4190,shp-190-53,1,1
896070,190,2,190 Lincoln St,,0,1190,shp-190-53,1,1
1750020,190,1,190 Lincoln St,,0,2190,shp-190-53,1,1
1837090,190,4,190 Lincoln St,,0,1190,shp-190-53,1,1
1230020,190,1,190 Lincoln St,,0,4190,shp-190-53,1,1
2657070,190,2,190 Lincoln St,,0,4190,shp-190-53,1,1
58020,190,1,190 Lincoln St,,0,1190,shp-190-53,1,1
2425070,190,2,190 Lincoln St,,0,2190,shp-190-53,1,1
625070,190,2,190 Lincoln St,,0,4190,shp-190-53,1,1
2550020,190,1,190 Lincoln St,,0,3190,shp-190-53,1,1
1522020,190,1,190 Lincoln St,,0,2190,shp-190-53,1,1
2394070,190,2,190 Lincoln St,,0,2190,shp-190-53,1,1
2589010,190,3,190 Lincoln St,,0,2190,shp-190-53,1,1
2069090,190,4,190 Lincoln St,,0,3190,shp-190-53,1,1
1120070,190,2,190 Lincoln St,,0,2190,shp-190-53,1,1
1104020,190S,1,190S Downtown,,0,2A,shp-190S-52,1,1
467020,190S,1,190S Downtown,,0,2A,shp-190S-52,1,1
1542020,190S,1,190S Downtown,,0,2A,shp-190S-52,1,1
592020,190S,1,190S Downtown,,0,2A,shp-190S-52,1,1
1732020,190S,1,190S Downtown,,0,2A,shp-190S-52,1,1
2547020,190S,1,190S Lincoln St,,1,2A,shp-190S-02,1,1
2062020,190S,1,190S Lincoln St,,1,2A,shp-190S-02,1,1
1456020,190S,1,190S Lincoln St,,1,2A,shp-190S-02,1,1
2447020,190S,1,190S Lincoln St,,1,2B,shp-190S-02,1,1
726020,190S,1,190S Lincoln St,,1,2B,shp-190S-02,1,1
71020,190S,1,190S Lincoln St,,1,2B,shp-190S-02,1,1
935020,190S,1,190S Lincoln St,,1,2A,shp-190S-02,1,1
2246020,190S,1,190S Lincoln St,,1,2A,shp-190S-02,1,1
2227020,190S,1,190S Lincoln St,,1,2B,shp-190S-02,1,1
797020,190S,1,190S Lincoln St,,1,2B,shp-190S-02,1,1
1907020,190S,1,190S Lincoln St,,1,2B,shp-190S-02,1,1
669020,190S,1,190S WWU,,1,1B,shp-190S-01,1,1
2632020,190S,1,190S WWU,,0,1B,shp-190S-51,1,1
1805020,190S,1,190S WWU,,0,3190S,shp-190S-53,1,1
1706020,190S,1,190S WWU,,0,1190S,shp-190S-53,1,1
2424020,190S,1,190S WWU,,1,2190S,shp-190S-01,1,1
488070,232,2,232 Cordata/WCC,,1,3232,shp-232-01,1,1
1776020,232,1,232 Cordata/WCC,,1,5232,shp-232-01,1,1
972070,232,2,232 Cordata/WCC,,1,1232,shp-232-01,1,1
285020,232,1,232 Cordata/WCC,,1,1232,shp-232-01,1,1
1614010,232,3,232 Cordata/WCC,,1,1232,shp-232-01,1,1
2145070,232,2,232 Cordata/WCC,,1,3232,shp-232-01,1,1
2041070,232,2,232 Cordata/WCC,,1,4232,shp-232-01,1,1
994090,232,4,232 Cordata/WCC,,1,3232,shp-232-01,1,1
1039010,232,3,232 Cordata/WCC,,1,1232,shp-232-01,1,1
18010,232,3,232 Cordata/WCC,,1,2232,shp-232-01,1,1
2616070,232,2,232 Cordata/WCC,,1,3232,shp-232-01,1,1
560070,232,2,232 Cordata/WCC,,1,2232,shp-232-01,1,1
2024020,232,1,232 Cordata/WCC,,1,1232,shp-232-01,1,1
1115090,232,4,232 Cordata/WCC,,1,4232,shp-232-01,1,1
2000070,232,2,232 Cordata/WCC,,1,2232,shp-232-01,1,1
2416070,232,2,232 Cordata/WCC,,1,4232,shp-232-01,1,1
2260020,232,1,232 Cordata/WCC,,1,1232,shp-232-01,1,1
518070,232,2,232 Cordata/WCC,,1,3232,shp-232-01,1,1
1769020,232,1,232 Cordata/WCC,,1,3232,shp-232-01,1,1
887020,232,1,232 Cordata/WCC,,1,2232,shp-232-01,1,1
1187070,232,2,232 Cordata/WCC,,1,4232,shp-232-01,1,1
1218090,232,4,232 Cordata/WCC,,1,3232,shp-232-01,1,1
788010,232,3,232 Cordata/WCC,,1,2232,shp-232-01,1,1
457090,232,4,232 Cordata/WCC,,1,1232,shp-232-01,1,1
193010,232,3,232 Cordata/WCC,,1,1232,shp-232-01,1,1
974070,232,2,232 Cordata/WCC,,1,4232,shp-232-01,1,1
487070,232,2,232 Cordata/WCC,,1,2232,shp-232-01,1,1
2024090,232,4,232 Cordata/WCC,,1,1232,shp-232-01,1,1
2380090,232,4,232 Cordata/WCC,,1,5232,shp-232-01,1,1
941020,232,1,232 Cordata/WCC,,1,4232,shp-232-01,1,1
1001070,232,2,232 Cordata/WCC,,1,2232,shp-232-01,1,1
1500020,232,1,232 Cordata/WCC,,1,3232,shp-232-01,1,1
714090,232,4,232 Cordata/WCC,,1,5232,shp-232-01,1,1
496020,232,1,232 Cordata/WCC,,1,2232,shp-232-01,1,1
639010,232,3,232 Cordata/WCC,,1,1232,shp-232-01,1,1
431090,232,4,232 Cordata/WCC,,1,3232,shp-232-01,1,1
704020,232,1,232 Cordata/WCC,,1,2232,shp-232-01,1,1
666020,232,1,232 Cordata/WCC,,1,5232,shp-232-01,1,1
516090,232,4,232 Cordata/WCC,,1,2232,shp-232-01,1,1
578090,232,4,232 Cordata/WCC,,1,1232,shp-232-01,1,1
2244090,232,4,232 Cordata/WCC,,1,4232,shp-232-01,1,1
1412090,232,4,232 Cordata/WCC,,1,3232,shp-232-01,1,1
2055020,232,1,232 Cordata/WCC,,1,4232,shp-232-01,1,1
114090,232,4,232 Cordata/WCC,,1,2232,shp-232-01,1,1
2307090,232,4,232 Cordata/WCC,,1,4232,shp-232-01,1,1
269070,232,2,232 Cordata/WCC,,1,1232,shp-232-01,1,1
2083020,232,1,232 Cordata/WCC,,1,1232,shp-232-01,1,1
1775010,232,3,232 Cordata/WCC,,1,1232,shp-232-01,1,1
2263090,232,4,232 Cordata/WCC,,1,2232,shp-232-01,1,1
872010,232,3,232 Cordata/WCC,,1,2232,shp-232-01,1,1
1148020,232,1,232 Cordata/WCC,,1,2232,shp-232-01,1,1
887090,232,4,232 Cordata/WCC,,1,2232,shp-232-01,1,1
457020,232,1,232 Cordata/WCC,,1,1232,shp-232-01,1,1
2664010,232,3,232 Cordata/WCC,,1,2232,shp-232-01,1,1
875010,232,3,232 Cordata/WCC,,1,1232,shp-232-01,1,1
114020,232,1,232 Cordata/WCC,,1,2232,shp-232-01,1,1
642070,232,2,232 Cordata/WCC,,1,2232,shp-232-01,1,1
1500090,232,4,232 Cordata/WCC,,1,3232,shp-232-01,1,1
2235070,232,2,232 Cordata/WCC,,1,2232,shp-232-01,1,1
155020,232,1,232 Cordata/WCC,,1,2232,shp-232-01,1,1
431020,232,1,232 Cordata/WCC,,1,3232,shp-232-01,1,1
730020,232,1,232 Cordata/WCC,,1,2232,shp-232-01,1,1
2259070,232,2,232 Cordata/WCC,,1,4232,shp-232-01,1,1
1092090,232,4,232 Cordata/WCC,,1,1232,shp-232-01,1,1
2380020,232,1,232 Cordata/WCC,,1,5232,shp-232-01,1,1
2456070,232,2,232 Cordata/WCC,,1,3232,shp-232-01,1,1
690010,232,3,232 Cordata/WCC,,1,1232,shp-232-01,1,1
224020,232,1,232 Cordata/WCC,,1,2232,shp-232-01,1,1
1776090,232,4,232 Cordata/WCC,,1,5232,shp-232-01,1,1
584070,232,2,232 Cordata/WCC,,1,2232,shp-232-01,1,1
213010,232,3,232 Cordata/WCC,,1,1232,shp-232-01,1,1
691010,232,3,232 Cordata/WCC,,1,2232,shp-232-01,1,1
878070,232,2,232 Cordata/WCC,,1,1232,shp-232-01,1,1
730090,232,4,232 Cordata/WCC,,1,2232,shp-232-01,1,1
1115020,232,1,232 Cordata/WCC,,1,4232,shp-232-01,1,1
2470020,232,1,232 Cordata/WCC,,1,1232,shp-232-01,1,1
2240090,232,4,232 Cordata/WCC,,1,2232,shp-232-01,1,1
714020,232,1,232 Cordata/WCC,,1,5232,shp-232-01,1,1
2601090,232,4,232 Cordata/WCC,,1,1232,shp-232-01,1,1
439020,232,1,232 Cordata/WCC,,1,5232,shp-232-01,1,1
1617070,232,2,232 Cordata/WCC,,1,4232,shp-232-01,1,1
659070,232,2,232 Cordata/WCC,,1,2232,shp-232-01,1,1
2054070,232,2,232 Cordata/WCC,,1,4232,shp-232-01,1,1
2600020,232,1,232 Cordata/WCC,,1,3232,shp-232-01,1,1
1148090,232,4,232 Cordata/WCC,,1,2232,shp-232-01,1,1
254020,232,1,232 Cordata/WCC,,1,4232,shp-232-01,1,1
2307020,232,1,232 Cordata/WCC,,1,4232,shp-232-01,1,1
1741020,232,1,232 Cordata/WCC,,1,1232,shp-232-01,1,1
315010,232,3,232 Cordata/WCC,,1,2232,shp-232-01,1,1
2597070,232,2,232 Cordata/WCC,,1,4232,shp-232-01,1,1
1035070,232,2,232 Cordata/WCC,,1,2232,shp-232-01,1,1
506090,232,4,232 Cordata/WCC,,1,4232,shp-232-01,1,1
945070,232,2,232 Cordata/WCC,,1,1232,shp-232-01,1,1
67090,232,4,232 Cordata/WCC,,1,1232,shp-232-01,1,1
138070,232,2,232 Cordata/WCC,,1,1232,shp-232-01,1,1
2224090,232,4,232 Cordata/WCC,,1,3232,shp-232-01,1,1
450090,232,4,232 Cordata/WCC,,1,2232,shp-232-01,1,1
2503090,232,4,232 Cordata/WCC,,1,3232,shp-232-01,1,1
1769090,232,4,232 Cordata/WCC,,1,3232,shp-232-01,1,1
506020,232,1,232 Cordata/WCC,,1,4232,shp-232-01,1,1
496090,232,4,232 Cordata/WCC,,1,2232,shp-232-01,1,1
2626070,232,2,232 Cordata/WCC,,1,4232,shp-232-01,1,1
1448010,232,3,232 Cordata/WCC,,1,1232,shp-232-01,1,1
2240020,232,1,232 Cordata/WCC,,1,2232,shp-232-01,1,1
2503020,232,1,232 Cordata/WCC,,1,3232,shp-232-01,1,1
2244020,232,1,232 Cordata/WCC,,1,4232,shp-232-01,1,1
1308090,232,4,232 Cordata/WCC,,1,1232,shp-232-01,1,1
578020,232,1,232 Cordata/WCC,,1,1232,shp-232-01,1,1
16020,232,1,232 Cordata/WCC,,1,5232,shp-232-01,1,1
1741090,232,4,232 Cordata/WCC,,1,1232,shp-232-01,1,1
67020,232,1,232 Cordata/WCC,,1,1232,shp-232-01,1,1
1060070,232,2,232 Cordata/WCC,,1,4232,shp-232-01,1,1
2655070,232,2,232 Cordata/WCC,,1,2232,shp-232-01,1,1
585090,232,4,232 Cordata/WCC,,1,4232,shp-232-01,1,1
2470090,232,4,232 Cordata/WCC,,1,1232,shp-232-01,1,1
224090,232,4,232 Cordata/WCC,,1,2232,shp-232-01,1,1
1616010,232,3,232 Cordata/WCC,,1,1232,shp-232-01,1,1
2584010,232,3,232 Cordata/WCC,,1,1232,shp-232-01,1,1
153070,232,2,232 Cordata/WCC,,1,4232,shp-232-01,1,1
170020,232,1,232 Cordata/WCC,,1,1232,shp-232-01,1,1
2224020,232,1,232 Cordata/WCC,,1,3232,shp-232-01,1,1
90010,232,3,232 Cordata/WCC,,1,2232,shp-232-01,1,1
1959070,232,2,232 Cordata/WCC,,1,4232,shp-232-01,1,1
2310020,232,1,232 Cordata/WCC,,1,1232,shp-232-01,1,1
254090,232,4,232 Cordata/WCC,,1,4232,shp-232-01,1,1
1458090,232,4,232 Cordata/WCC,,1,4232,shp-232-01,1,1
2055090,232,4,232 Cordata/WCC,,1,4232,shp-232-01,1,1
2600090,232,4,232 Cordata/WCC,,1,3232,shp-232-01,1,1
1497070,232,2,232 Cordata/WCC,,1,1232,shp-232-01,1,1
2310090,232,4,232 Cordata/WCC,,1,1232,shp-232-01,1,1
903090,232,4,232 Cordata/WCC,,1,1232,shp-232-01,1,1
2260090,232,4,232 Cordata/WCC,,1,1232,shp-232-01,1,1
2620070,232,2,232 Cordata/WCC,,1,3232,shp-232-01,1,1
1458020,232,1,232 Cordata/WCC,,1,4232,shp-232-01,1,1
903020,232,1,232 Cordata/WCC,,1,1232,shp-232-01,1,1
609070,232,2,232 Cordata/WCC,,1,3232,shp-232-01,1,1
155090,232,4,232 Cordata/WCC,,1,2232,shp-232-01,1,1
666090,232,4,232 Cordata/WCC,,1,5232,shp-232-01,1,1
170090,232,4,232 Cordata/WCC,,1,1232,shp-232-01,1,1
1138070,232,2,232 Cordata/WCC,,1,1232,shp-232-01,1,1
1637010,232,3,232 Cordata/WCC,,1,2232,shp-232-01,1,1
704090,232,4,232 Cordata/WCC,,1,2232,shp-232-01,1,1
285090,232,4,232 Cordata/WCC,,1,1232,shp-232-01,1,1
52010,232,3,232 Cordata/WCC,,1,2232,shp-232-01,1,1
2126070,232,2,232 Cordata/WCC,,1,1232,shp-232-01,1,1
1308020,232,1,232 Cordata/WCC,,1,1232,shp-232-01,1,1
2601020,232,1,232 Cordata/WCC,,1,1232,shp-232-01,1,1
2263020,232,1,232 Cordata/WCC,,1,2232,shp-232-01,1,1
585020,232,1,232 Cordata/WCC,,1,4232,shp-232-01,1,1
1994070,232,2,232 Cordata/WCC,,1,3232,shp-232-01,1,1
811010,232,3,232 Cordata/WCC,,1,1232,shp-232-01,1,1
2083090,232,4,232 Cordata/WCC,,1,1232,shp-232-01,1,1
1858090,232,4,232 Cordata/WCC,,1,2232,shp-232-01,1,1
1602070,232,2,232 Cordata/WCC,,1,2232,shp-232-01,1,1
941090,232,4,232 Cordata/WCC,,1,4232,shp-232-01,1,1
2415010,232,3,232 Cordata/WCC,,1,2232,shp-232-01,1,1
1986010,232,3,232 Cordata/WCC,,1,2232,shp-232-01,1,1
543070,232,2,232 Cordata/WCC,,1,4232,shp-232-01,1,1
450020,232,1,232 Cordata/WCC,,1,2232,shp-232-01,1,1
439090,232,4,232 Cordata/WCC,,1,5232,shp-232-01,1,1
1858020,232,1,232 Cordata/WCC,,1,2232,shp-232-01,1,1
489070,232,2,232 Cordata/WCC,,1,2232,shp-232-01,1,1
994020,232,1,232 Cordata/WCC,,1,3232,shp-232-01,1,1
16090,232,4,232 Cordata/WCC,,1,5232,shp-232-01,1,1
590070,232,2,232 Cordata/WCC,,1,3232,shp-232-01,1,1
2612070,232,2,232 Cordata/WCC,,1,1232,shp-232-01,1,1
1092020,232,1,232 Cordata/WCC,,1,1232,shp-232-01,1,1
1412020,232,1,232 Cordata/WCC,,1,3232,shp-232-01,1,1
516020,232,1,232 Cordata/WCC,,1,2232,shp-232-01,1,1
1218020,232,1,232 Cordata/WCC,,1,3232,shp-232-01,1,1
1598070,232,2,232 Cordata/WCC,,1,2232,shp-232-01,1,1
1336010,232,3,232 Cordata/WCC,,1,2232,shp-232-01,1,1
2396070,232,2,232 Cordata/WCC,,1,4232,shp-232-01,1,1
1890070,232,2,232 Cordata/WCC,,1,4232,shp-232-01,1,1
821020,232,1,232 Downtown,,0,4331,shp-232-51,1,1
340020,232,1,232 Downtown,,0,2331,shp-232-51,1,1
1253010,232,3,232 Downtown,,0,2331,shp-232-51,1,1
21070,232,2,232 Downtown,,0,2331,shp-232-51,1,1
2250020,232,1,232 Downtown,,0,4331,shp-232-51,1,1
2630020,232,1,232 Downtown,,0,2331,shp-232-51,1,1
369070,232,2,232 Downtown,,0,2331,shp-232-51,1,1
636090,232,4,232 Downtown,,0,4331,shp-232-51,1,1
581010,232,3,232 Downtown,,0,1331,shp-232-51,1,1
2048010,232,3,232 Downtown,,0,2331,shp-232-51,1,1
1701070,232,2,232 Downtown,,0,2331,shp-232-51,1,1
2006020,232,1,232 Downtown,,0,4331,shp-232-51,1,1
978090,232,4,232 Downtown,,0,2331,shp-232-51,1,1
2006090,232,4,232 Downtown,,0,4331,shp-232-51,1,1
1345020,232,1,232 Downtown,,0,5331,shp-232-51,1,1
412020,232,1,232 Downtown,,0,4331,shp-232-51,1,1
573090,232,4,232 Downtown,,0,4331,shp-232-51,1,1
1624010,232,3,232 Downtown,,0,2331,shp-232-51,1,1
2630090,232,4,232 Downtown,,0,2331,shp-232-51,1,1
2571010,232,3,232 Downtown,,0,2331,shp-232-51,1,1
2391020,232,1,232 Downtown,,0,4331,shp-232-51,1,1
1203010,232,3,232 Downtown,,0,1331,shp-232-51,1,1
358070,232,2,232 Downtown,,0,2331,shp-232-51,1,1
2022010,232,3,232 Downtown,,0,1331,shp-232-51,1,1
2131010,232,3,232 Downtown,,0,1331,shp-232-51,1,1
1803070,232,2,232 Downtown,,0,4331,shp-232-51,1,1
177020,232,1,232 Downtown,,0,1331,shp-232-51,1,1
2016010,232,3,232 Downtown,,0,2331,shp-232-51,1,1
89070,232,2,232 Downtown,,0,4331,shp-232-51,1,1
2273070,232,2,232 Downtown,,0,2331,shp-232-51,1,1
2650020,232,1,232 Downtown,,0,4331,shp-232-51,1,1
274020,232,1,232 Downtown,,0,4331,shp-232-51,1,1
1062090,232,4,232 Downtown,,0,5331,shp-232-51,1,1
1955020,232,1,232 Downtown,,0,4331,shp-232-51,1,1
1564010,232,3,232 Downtown,,0,1331,shp-232-51,1,1
1101020,232,1,232 Downtown,,0,2331,shp-232-51,1,1
1702070,232,2,232 Downtown,,0,4331,shp-232-51,1,1
2521090,232,4,232 Downtown,,0,3331,shp-232-51,1,1
2294070,232,2,232 Downtown,,0,3331,shp-232-51,1,1
2287020,232,1,232 Downtown,,0,2331,shp-232-51,1,1
1117020,232,1,232 Downtown,,0,1331,shp-232-51,1,1
2560010,232,3,232 Downtown,,0,2331,shp-232-51,1,1
1188010,232,3,232 Downtown,,0,2331,shp-232-51,1,1
871070,232,2,232 Downtown,,0,3331,shp-232-51,1,1
351020,232,1,232 Downtown,,0,1331,shp-232-51,1,1
1370090,232,4,232 Downtown,,0,3331,shp-232-51,1,1
118070,232,2,232 Downtown,,0,2331,shp-232-51,1,1
747070,232,2,232 Downtown,,0,3331,shp-232-51,1,1
1062020,232,1,232 Downtown,,0,5331,shp-232-51,1,1
2448020,232,1,232 Downtown,,0,3331,shp-232-51,1,1
1716020,232,1,232 Downtown,,0,5331,shp-232-51,1,1
2148010,232,3,232 Downtown,,0,1331,shp-232-51,1,1
99070,232,2,232 Downtown,,0,2331,shp-232-51,1,1
1361020,232,1,232 Downtown,,0,5331,shp-232-51,1,1
2250090,232,4,232 Downtown,,0,4331,shp-232-51,1,1
636020,232,1,232 Downtown,,0,4331,shp-232-51,1,1
1641020,232,1,232 Downtown,,0,3331,shp-232-51,1,1
1877010,232,3,232 Downtown,,0,1331,shp-232-51,1,1
1298070,232,2,232 Downtown,,0,2331,shp-232-51,1,1
827010,232,3,232 Downtown,,0,1331,shp-232-51,1,1
2185020,232,1,232 Downtown,,0,2331,shp-232-51,1,1
295020,232,1,232 Downtown,,0,3331,shp-232-51,1,1
1771070,232,2,232 Downtown,,0,1331,shp-232-51,1,1
2318090,232,4,232 Downtown,,0,3331,shp-232-51,1,1
2448090,232,4,232 Downtown,,0,3331,shp-232-51,1,1
1459090,232,4,232 Downtown,,0,1331,shp-232-51,1,1
1441090,232,4,232 Downtown,,0,3331,shp-232-51,1,1
1441020,232,1,232 Downtown,,0,3331,shp-232-51,1,1
920010,232,3,232 Downtown,,0,2331,shp-232-51,1,1
1370020,232,1,232 Downtown,,0,3331,shp-232-51,1,1
1211020,232,1,232 Downtown,,0,1331,shp-232-51,1,1
1979020,232,1,232 Downtown,,0,5331,shp-232-51,1,1
1289090,232,4,232 Downtown,,0,4331,shp-232-51,1,1
2521020,232,1,232 Downtown,,0,3331,shp-232-51,1,1
351090,232,4,232 Downtown,,0,1331,shp-232-51,1,1
1117090,232,4,232 Downtown,,0,1331,shp-232-51,1,1
1716090,232,4,232 Downtown,,0,5331,shp-232-51,1,1
2170020,232,1,232 Downtown,,0,3331,shp-232-51,1,1
1076020,232,1,232 Downtown,,0,3331,shp-232-51,1,1
1345090,232,4,232 Downtown,,0,5331,shp-232-51,1,1
955020,232,1,232 Downtown,,0,4331,shp-232-51,1,1
332020,232,1,232 Downtown,,0,2331,shp-232-51,1,1
978020,232,1,232 Downtown,,0,2331,shp-232-51,1,1
1574070,232,2,232 Downtown,,0,4331,shp-232-51,1,1
162010,232,3,232 Downtown,,0,2331,shp-232-51,1,1
713070,232,2,232 Downtown,,0,2331,shp-232-51,1,1
538010,232,3,232 Downtown,,0,1331,shp-232-51,1,1
1843020,232,1,232 Downtown,,0,2331,shp-232-51,1,1
196090,232,4,232 Downtown,,0,4331,shp-232-51,1,1
429070,232,2,232 Downtown,,0,2331,shp-232-51,1,1
412090,232,4,232 Downtown,,0,4331,shp-232-51,1,1
1816010,232,3,232 Downtown,,0,2331,shp-232-51,1,1
279070,232,2,232 Downtown,,0,1331,shp-232-51,1,1
1687070,232,2,232 Downtown,,0,3331,shp-232-51,1,1
567010,232,3,232 Downtown,,0,2331,shp-232-51,1,1
295090,232,4,232 Downtown,,0,3331,shp-232-51,1,1
882090,232,4,232 Downtown,,0,2331,shp-232-51,1,1
2039020,232,1,232 Downtown,,0,3331,shp-232-51,1,1
110070,232,2,232 Downtown,,0,1331,shp-232-51,1,1
1606070,232,2,232 Downtown,,0,3331,shp-232-51,1,1
360010,232,3,232 Downtown,,0,1331,shp-232-51,1,1
1291020,232,1,232 Downtown,,0,3331,shp-232-51,1,1
883070,232,2,232 Downtown,,0,4331,shp-232-51,1,1
1289020,232,1,232 Downtown,,0,4331,shp-232-51,1,1
344090,232,4,232 Downtown,,0,1331,shp-232-51,1,1
2059070,232,2,232 Downtown,,0,1331,shp-232-51,1,1
794070,232,2,232 Downtown,,0,2331,shp-232-51,1,1
1843090,232,4,232 Downtown,,0,2331,shp-232-51,1,1
2082070,232,2,232 Downtown,,0,4331,shp-232-51,1,1
2287090,232,4,232 Downtown,,0,2331,shp-232-51,1,1
103090,232,4,232 Downtown,,0,2331,shp-232-51,1,1
377070,232,2,232 Downtown,,0,1331,shp-232-51,1,1
2039090,232,4,232 Downtown,,0,3331,shp-232-51,1,1
340090,232,4,232 Downtown,,0,2331,shp-232-51,1,1
1955090,232,4,232 Downtown,,0,4331,shp-232-51,1,1
807090,232,4,232 Downtown,,0,1331,shp-232-51,1,1
298070,232,2,232 Downtown,,0,4331,shp-232-51,1,1
821090,232,4,232 Downtown,,0,4331,shp-232-51,1,1
2101020,232,1,232 Downtown,,0,1331,shp-232-51,1,1
2341070,232,2,232 Downtown,,0,4331,shp-232-51,1,1
274090,232,4,232 Downtown,,0,4331,shp-232-51,1,1
1361090,232,4,232 Downtown,,0,5331,shp-232-51,1,1
1076090,232,4,232 Downtown,,0,3331,shp-232-51,1,1
239070,232,2,232 Downtown,,0,2331,shp-232-51,1,1
347010,232,3,232 Downtown,,0,1331,shp-232-51,1,1
1098070,232,2,232 Downtown,,0,1331,shp-232-51,1,1
28070,232,2,232 Downtown,,0,4331,shp-232-51,1,1
2278090,232,4,232 Downtown,,0,2331,shp-232-51,1,1
1725020,232,1,232 Downtown,,0,4331,shp-232-51,1,1
1641090,232,4,232 Downtown,,0,3331,shp-232-51,1,1
1691020,232,1,232 Downtown,,0,1331,shp-232-51,1,1
2068090,232,4,232 Downtown,,0,1331,shp-232-51,1,1
1952070,232,2,232 Downtown,,0,3331,shp-232-51,1,1
291020,232,1,232 Downtown,,0,3331,shp-232-51,1,1
95090,232,4,232 Downtown,,0,1331,shp-232-51,1,1
738070,232,2,232 Downtown,,0,1331,shp-232-51,1,1
2650090,232,4,232 Downtown,,0,4331,shp-232-51,1,1
745070,232,2,232 Downtown,,0,1331,shp-232-51,1,1
2185090,232,4,232 Downtown,,0,2331,shp-232-51,1,1
1211090,232,4,232 Downtown,,0,1331,shp-232-51,1,1
2217070,232,2,232 Downtown,,0,4331,shp-232-51,1,1
573020,232,1,232 Downtown,,0,4331,shp-232-51,1,1
2293070,232,2,232 Downtown,,0,4331,shp-232-51,1,1
955090,232,4,232 Downtown,,0,4331,shp-232-51,1,1
2170090,232,4,232 Downtown,,0,3331,shp-232-51,1,1
1459020,232,1,232 Downtown,,0,1331,shp-232-51,1,1
196020,232,1,232 Downtown,,0,4331,shp-232-51,1,1
291090,232,4,232 Downtown,,0,3331,shp-232-51,1,1
1343070,232,2,232 Downtown,,0,1331,shp-232-51,1,1
1291090,232,4,232 Downtown,,0,3331,shp-232-51,1,1
95020,232,1,232 Downtown,,0,1331,shp-232-51,1,1
1926070,232,2,232 Downtown,,0,4331,shp-232-51,1,1
332090,232,4,232 Downtown,,0,2331,shp-232-51,1,1
1101090,232,4,232 Downtown,,0,2331,shp-232-51,1,1
2101090,232,4,232 Downtown,,0,1331,shp-232-51,1,1
2391090,232,4,232 Downtown,,0,4331,shp-232-51,1,1
1979090,232,4,232 Downtown,,0,5331,shp-232-51,1,1
14010,232,3,232 Downtown,,0,1331,shp-232-51,1,1
807020,232,1,232 Downtown,,0,1331,shp-232-51,1,1
103020,232,1,232 Downtown,,0,2331,shp-232-51,1,1
2372070,232,2,232 Downtown,,0,1331,shp-232-51,1,1
1725090,232,4,232 Downtown,,0,4331,shp-232-51,1,1
1691090,232,4,232 Downtown,,0,1331,shp-232-51,1,1
2674010,232,3,232 Downtown,,0,2331,shp-232-51,1,1
344020,232,1,232 Downtown,,0,1331,shp-232-51,1,1
800070,232,2,232 Downtown,,0,3331,shp-232-51,1,1
2318020,232,1,232 Downtown,,0,3331,shp-232-51,1,1
326070,232,2,232 Downtown,,0,3331,shp-232-51,1,1
177090,232,4,232 Downtown,,0,1331,shp-232-51,1,1
643070,232,2,232 Downtown,,0,2331,shp-232-51,1,1
2278020,232,1,232 Downtown,,0,2331,shp-232-51,1,1
882020,232,1,232 Downtown,,0,2331,shp-232-51,1,1
2068020,232,1,232 Downtown,,0,1331,shp-232-51,1,1
1633010,24,3,24 Cordata/WCC,,1,214,shp-24-01,1,1
1646020,24,1,24 Cordata/WCC,,1,23,shp-24-01,1,1
2421070,24,2,24 Cordata/WCC,,1,23,shp-24-01,1,1
2369090,24,4,24 Cordata/WCC,,1,214,shp-24-01,1,1
246070,24,2,24 Cordata/WCC,,1,13,shp-24-01,1,1
2583010,24,3,24 Cordata/WCC,,1,214,shp-24-01,1,1
1646090,24,4,24 Cordata/WCC,,1,23,shp-24-01,1,1
1355010,24,3,24 Cordata/WCC,,1,114,shp-24-01,1,1
2298090,24,4,24 Cordata/WCC,,1,214,shp-24-01,1,1
1863090,24,4,24 Cordata/WCC,,1,43,shp-24-01,1,1
2351020,24,1,24 Cordata/WCC,,1,13,shp-24-01,1,1
2298020,24,1,24 Cordata/WCC,,1,214,shp-24-01,1,1
931010,24,3,24 Cordata/WCC,,1,114,shp-24-01,1,1
2279090,24,4,24 Cordata/WCC,,1,414,shp-24-01,1,1
1452020,24,1,24 Cordata/WCC,,1,23,shp-24-01,1,1
1990090,24,4,24 Cordata/WCC,,1,33,shp-24-01,1,1
2537070,24,2,24 Cordata/WCC,,1,43,shp-24-01,1,1
1095090,24,4,24 Cordata/WCC,,1,23,shp-24-01,1,1
490070,24,2,24 Cordata/WCC,,1,43,shp-24-01,1,1
55020,24,1,24 Cordata/WCC,,1,33,shp-24-01,1,1
183070,24,2,24 Cordata/WCC,,1,13,shp-24-01,1,1
434010,24,3,24 Cordata/WCC,,1,214,shp-24-01,1,1
2639070,24,2,24 Cordata/WCC,,1,429,shp-24-01,1,1
2328010,24,3,24 Cordata/WCC,,1,214,shp-24-01,1,1
1295010,24,3,24 Cordata/WCC,,1,114,shp-24-01,1,1
1980070,24,2,24 Cordata/WCC,,1,33,shp-24-01,1,1
1030070,24,2,24 Cordata/WCC,,1,33,shp-24-01,1,1
695090,24,4,24 Cordata/WCC,,1,43,shp-24-01,1,1
2248020,24,1,24 Cordata/WCC,,1,13,shp-24-01,1,1
1849020,24,1,24 Cordata/WCC,,1,414,shp-24-01,1,1
1990020,24,1,24 Cordata/WCC,,1,33,shp-24-01,1,1
2608010,24,3,24 Cordata/WCC,,1,214,shp-24-01,1,1
786070,24,2,24 Cordata/WCC,,1,23,shp-24-01,1,1
1556070,24,2,24 Cordata/WCC,,1,43,shp-24-01,1,1
2344070,24,2,24 Cordata/WCC,,1,329,shp-24-01,1,1
866010,24,3,24 Cordata/WCC,,1,214,shp-24-01,1,1
1838090,24,4,24 Cordata/WCC,,1,43,shp-24-01,1,1
1270010,24,3,24 Cordata/WCC,,1,114,shp-24-01,1,1
137010,24,3,24 Cordata/WCC,,1,114,shp-24-01,1,1
55090,24,4,24 Cordata/WCC,,1,33,shp-24-01,1,1
2261090,24,4,24 Cordata/WCC,,1,13,shp-24-01,1,1
1863020,24,1,24 Cordata/WCC,,1,43,shp-24-01,1,1
1452090,24,4,24 Cordata/WCC,,1,23,shp-24-01,1,1
916070,24,2,24 Cordata/WCC,,1,429,shp-24-01,1,1
2261020,24,1,24 Cordata/WCC,,1,13,shp-24-01,1,1
2121070,24,2,24 Cordata/WCC,,1,23,shp-24-01,1,1
709090,24,4,24 Cordata/WCC,,1,33,shp-24-01,1,1
2351090,24,4,24 Cordata/WCC,,1,13,shp-24-01,1,1
2248090,24,4,24 Cordata/WCC,,1,13,shp-24-01,1,1
1095020,24,1,24 Cordata/WCC,,1,23,shp-24-01,1,1
2279020,24,1,24 Cordata/WCC,,1,414,shp-24-01,1,1
1551070,24,2,24 Cordata/WCC,,1,13,shp-24-01,1,1
1849090,24,4,24 Cordata/WCC,,1,414,shp-24-01,1,1
2349010,24,3,24 Cordata/WCC,,1,114,shp-24-01,1,1
709020,24,1,24 Cordata/WCC,,1,33,shp-24-01,1,1
1523070,24,2,24 Cordata/WCC,,1,329,shp-24-01,1,1
695020,24,1,24 Cordata/WCC,,1,43,shp-24-01,1,1
2369020,24,1,24 Cordata/WCC,,1,214,shp-24-01,1,1
1838020,24,1,24 Cordata/WCC,,1,43,shp-24-01,1,1
2436090,24,4,24 Tremont,,0,414,shp-24-51,1,1
2432070,24,2,24 Tremont,,0,13,shp-24-51,1,1
229070,24,2,24 Tremont,,0,13,shp-24-51,1,1
552090,24,4,24 Tremont,,0,43,shp-24-51,1,1
60010,24,3,24 Tremont,,0,114,shp-24-51,1,1
1693020,24,1,24 Tremont,,0,43,shp-24-51,1,1
2140010,24,3,24 Tremont,,0,214,shp-24-51,1,1
1514090,24,4,24 Tremont,,0,23,shp-24-51,1,1
2163090,24,4,24 Tremont,,0,33,shp-24-51,1,1
595070,24,2,24 Tremont,,0,329,shp-24-51,1,1
946020,24,1,24 Tremont,,0,13,shp-24-51,1,1
2108070,24,2,24 Tremont,,0,33,shp-24-51,1,1
1773090,24,4,24 Tremont,,0,13,shp-24-51,1,1
1773020,24,1,24 Tremont,,0,13,shp-24-51,1,1
105070,24,2,24 Tremont,,0,23,shp-24-51,1,1
253070,24,2,24 Tremont,,0,13,shp-24-51,1,1
495090,24,4,24 Tremont,,0,414,shp-24-51,1,1
908010,24,3,24 Tremont,,0,214,shp-24-51,1,1
2436020,24,1,24 Tremont,,0,414,shp-24-51,1,1
2163020,24,1,24 Tremont,,0,33,shp-24-51,1,1
495020,24,1,24 Tremont,,0,414,shp-24-51,1,1
2181070,24,2,24 Tremont,,0,23,shp-24-51,1,1
1099070,24,2,24 Tremont,,0,43,shp-24-51,1,1
2319010,24,3,24 Tremont,,0,114,shp-24-51,1,1
1133010,24,3,24 Tremont,,0,114,shp-24-51,1,1
688090,24,4,24 Tremont,,0,23,shp-24-51,1,1
2021010,24,3,24 Tremont,,0,214,shp-24-51,1,1
932020,24,1,24 Tremont,,0,13,shp-24-51,1,1
633090,24,4,24 Tremont,,0,214,shp-24-51,1,1
2475020,24,1,24 Tremont,,0,33,shp-24-51,1,1
552020,24,1,24 Tremont,,0,43,shp-24-51,1,1
688020,24,1,24 Tremont,,0,23,shp-24-51,1,1
2218070,24,2,24 Tremont,,0,429,shp-24-51,1,1
1514020,24,1,24 Tremont,,0,23,shp-24-51,1,1
1269010,24,3,24 Tremont,,0,114,shp-24-51,1,1
69070,24,2,24 Tremont,,0,23,shp-24-51,1,1
949070,24,2,24 Tremont,,0,429,shp-24-51,1,1
1025010,24,3,24 Tremont,,0,214,shp-24-51,1,1
1808020,24,1,24 Tremont,,0,214,shp-24-51,1,1
633020,24,1,24 Tremont,,0,214,shp-24-51,1,1
2475090,24,4,24 Tremont,,0,33,shp-24-51,1,1
1896020,24,1,24 Tremont,,0,43,shp-24-51,1,1
1124090,24,4,24 Tremont,,0,23,shp-24-51,1,1
1561090,24,4,24 Tremont,,0,33,shp-24-51,1,1
921010,24,3,24 Tremont,,0,214,shp-24-51,1,1
1836010,24,3,24 Tremont,,0,214,shp-24-51,1,1
56070,24,2,24 Tremont,,0,329,shp-24-51,1,1
1549070,24,2,24 Tremont,,0,43,shp-24-51,1,1
946090,24,4,24 Tremont,,0,13,shp-24-51,1,1
1896090,24,4,24 Tremont,,0,43,shp-24-51,1,1
1124020,24,1,24 Tremont,,0,23,shp-24-51,1,1
1352010,24,3,24 Tremont,,0,114,shp-24-51,1,1
1693090,24,4,24 Tremont,,0,43,shp-24-51,1,1
1615010,24,3,24 Tremont,,0,114,shp-24-51,1,1
1808090,24,4,24 Tremont,,0,214,shp-24-51,1,1
932090,24,4,24 Tremont,,0,13,shp-24-51,1,1
1521070,24,2,24 Tremont,,0,33,shp-24-51,1,1
2057070,24,2,24 Tremont,,0,43,shp-24-51,1,1
1561020,24,1,24 Tremont,,0,33,shp-24-51,1,1
2376020,26,1,26 Cordata/WCC,,1,126,shp-26-01,1,1
418020,26,1,26 Cordata/WCC,,1,126,shp-26-01,1,1
651020,26,1,26 Cordata/WCC,,1,226,shp-26-01,1,1
1301020,26,1,26 Cordata/WCC,,1,226,shp-26-01,1,1
2636070,26,2,26 Cordata/WCC,,1,126,shp-26-01,1,1
696070,26,2,26 Cordata/WCC,,1,226,shp-26-01,1,1
2624010,26,3,26 Cordata/WCC,,1,126,shp-26-01,1,1
1226020,26,1,26 Cordata/WCC,,1,226,shp-26-01,1,1
1608070,26,2,26 Cordata/WCC,,1,226,shp-26-01,1,1
1688020,26,1,26 Cordata/WCC,,1,126,shp-26-01,1,1
826010,26,3,26 Cordata/WCC,,1,126,shp-26-01,1,1
634010,26,3,26 Cordata/WCC,,1,226,shp-26-01,1,1
1546020,26,1,26 Cordata/WCC,,1,126,shp-26-01,1,1
1427070,26,2,26 Cordata/WCC,,1,126,shp-26-01,1,1
1545010,26,3,26 Cordata/WCC,,1,226,shp-26-01,1,1
1502010,26,3,26 Cordata/WCC,,1,126,shp-26-01,1,1
1884070,26,2,26 Cordata/WCC,,1,126,shp-26-01,1,1
969090,26,4,26 Cordata/WCC,,1,4232,shp-26-01,1,1
10070,26,2,26 Cordata/WCC,,1,226,shp-26-01,1,1
1610070,26,2,26 Cordata/WCC,,1,226,shp-26-01,1,1
1467020,26,1,26 Cordata/WCC,,1,226,shp-26-01,1,1
631070,26,2,26 Cordata/WCC,,1,226,shp-26-01,1,1
1467090,26,4,26 Cordata/WCC,,1,226,shp-26-01,1,1
1192090,26,4,26 Cordata/WCC,,1,126,shp-26-01,1,1
894010,26,3,26 Cordata/WCC,,1,126,shp-26-01,1,1
1605090,26,4,26 Cordata/WCC,,1,126,shp-26-01,1,1
2376090,26,4,26 Cordata/WCC,,1,126,shp-26-01,1,1
626020,26,1,26 Cordata/WCC,,1,226,shp-26-01,1,1
2096010,26,3,26 Cordata/WCC,,1,126,shp-26-01,1,1
210010,26,3,26 Cordata/WCC,,1,226,shp-26-01,1,1
2032010,26,3,26 Cordata/WCC,,1,126,shp-26-01,1,1
651090,26,4,26 Cordata/WCC,,1,226,shp-26-01,1,1
626090,26,4,26 Cordata/WCC,,1,226,shp-26-01,1,1
1866070,26,2,26 Cordata/WCC,,1,226,shp-26-01,1,1
1391090,26,4,26 Cordata/WCC,,1,126,shp-26-02,1,1
1301090,26,4,26 Cordata/WCC,,1,226,shp-26-01,1,1
1391020,26,1,26 Cordata/WCC,,1,126,shp-26-02,1,1
1226090,26,4,26 Cordata/WCC,,1,226,shp-26-01,1,1
418090,26,4,26 Cordata/WCC,,1,126,shp-26-01,1,1
2165070,26,2,26 Cordata/WCC,,1,126,shp-26-01,1,1
2400010,26,3,26 Cordata/WCC,,1,226,shp-26-01,1,1
938020,26,1,26 Cordata/WCC,,1,126,shp-26-01,1,1
1605020,26,1,26 Cordata/WCC,,1,126,shp-26-01,1,1
242010,26,3,26 Cordata/WCC,,1,226,shp-26-01,1,1
662020,26,1,26 Cordata/WCC,,1,226,shp-26-01,1,1
1688090,26,4,26 Cordata/WCC,,1,126,shp-26-01,1,1
969020,26,1,26 Cordata/WCC,,1,4232,shp-26-01,1,1
1546090,26,4,26 Cordata/WCC,,1,126,shp-26-01,1,1
2167070,26,2,26 Cordata/WCC,,1,126,shp-26-01,1,1
938090,26,4,26 Cordata/WCC,,1,126,shp-26-01,1,1
662090,26,4,26 Cordata/WCC,,1,226,shp-26-01,1,1
1192020,26,1,26 Cordata/WCC,,1,126,shp-26-01,1,1
1657070,26,2,26 Cordata/WCC,,1,126,shp-26-01,1,1
891090,26,4,26 Lynden,,0,226,shp-26-52,1,1
1856020,26,1,26 Lynden,,0,126,shp-26-52,1,1
1526020,26,1,26 Lynden,,0,226,shp-26-52,1,1
1026020,26,1,26 Lynden,,0,126,shp-26-52,1,1
1876090,26,4,26 Lynden,,0,226,shp-26-52,1,1
465010,26,3,26 Lynden,,0,126,shp-26-52,1,1
195010,26,3,26 Lynden,,0,126,shp-26-52,1,1
176090,26,4,26 Lynden,,0,4232,shp-26-51,1,1
31070,26,2,26 Lynden,,0,226,shp-26-52,1,1
231070,26,2,26 Lynden,,0,126,shp-26-52,1,1
1757020,26,1,26 Lynden,,0,126,shp-26-52,1,1
1181020,26,1,26 Lynden,,0,126,shp-26-52,1,1
1136070,26,2,26 Lynden,,0,126,shp-26-52,1,1
1318090,26,4,26 Lynden,,0,126,shp-26-52,1,1
1394090,26,4,26 Lynden,,0,226,shp-26-52,1,1
1026090,26,4,26 Lynden,,0,126,shp-26-52,1,1
181070,26,2,26 Lynden,,0,126,shp-26-52,1,1
1789090,26,4,26 Lynden,,0,226,shp-26-52,1,1
176020,26,1,26 Lynden,,0,4232,shp-26-51,1,1
142010,26,3,26 Lynden,,0,226,shp-26-52,1,1
219020,26,1,26 Lynden,,0,226,shp-26-52,1,1
1690010,26,3,26 Lynden,,0,126,shp-26-52,1,1
73090,26,4,26 Lynden,,0,126,shp-26-52,1,1
1318020,26,1,26 Lynden,,0,126,shp-26-52,1,1
2517070,26,2,26 Lynden,,0,226,shp-26-52,1,1
793010,26,3,26 Lynden,,0,126,shp-26-52,1,1
891020,26,1,26 Lynden,,0,226,shp-26-52,1,1
73020,26,1,26 Lynden,,0,126,shp-26-52,1,1
1915090,26,4,26 Lynden,,0,126,shp-26-52,1,1
1394020,26,1,26 Lynden,,0,226,shp-26-52,1,1
338070,26,2,26 Lynden,,0,126,shp-26-52,1,1
62010,26,3,26 Lynden,,0,226,shp-26-52,1,1
480010,26,3,26 Lynden,,0,226,shp-26-52,1,1
1914010,26,3,26 Lynden,,0,126,shp-26-52,1,1
839070,26,2,26 Lynden,,0,126,shp-26-52,1,1
1856090,26,4,26 Lynden,,0,126,shp-26-52,1,1
1757090,26,4,26 Lynden,,0,126,shp-26-52,1,1
1876020,26,1,26 Lynden,,0,226,shp-26-52,1,1
2239010,26,3,26 Lynden,,0,226,shp-26-52,1,1
1431070,26,2,26 Lynden,,0,226,shp-26-52,1,1
2324070,26,2,26 Lynden,,0,226,shp-26-51,1,1
1526090,26,4,26 Lynden,,0,226,shp-26-52,1,1
1789020,26,1,26 Lynden,,0,226,shp-26-52,1,1
1915020,26,1,26 Lynden,,0,126,shp-26-52,1,1
960020,26,1,26 Lynden,,0,126,shp-26-52,1,1
1181090,26,4,26 Lynden,,0,126,shp-26-52,1,1
1299010,26,3,26 Lynden,,0,226,shp-26-52,1,1
960090,26,4,26 Lynden,,0,126,shp-26-52,1,1
571070,26,2,26 Lynden,,0,126,shp-26-52,1,1
1632070,26,2,26 Lynden,,0,226,shp-26-52,1,1
1131010,26,3,26 Lynden,,0,126,shp-26-52,1,1
219090,26,4,26 Lynden,,0,226,shp-26-52,1,1
78070,26,2,26 Lynden,,0,226,shp-26-52,1,1
1335090,27,4,27 Cordata/WCC,,1,13,shp-27-01,1,1
1248090,27,4,27 Cordata/WCC,,1,13,shp-27-01,1,1
2067090,27,4,27 Cordata/WCC,,1,33,shp-27-01,1,1
926070,27,2,27 Cordata/WCC,,1,13,shp-27-01,1,1
2053070,27,2,27 Cordata/WCC,,1,13,shp-27-01,1,1
1248020,27,1,27 Cordata/WCC,,1,13,shp-27-01,1,1
131090,27,4,27 Cordata/WCC,,1,33,shp-27-01,1,1
1713020,27,1,27 Cordata/WCC,,1,43,shp-27-01,1,1
1168090,27,4,27 Cordata/WCC,,1,13,shp-27-01,1,1
131020,27,1,27 Cordata/WCC,,1,33,shp-27-01,1,1
1653020,27,1,27 Cordata/WCC,,1,43,shp-27-01,1,1
1587090,27,4,27 Cordata/WCC,,1,23,shp-27-01,1,1
880070,27,2,27 Cordata/WCC,,1,43,shp-27-01,1,1
520070,27,2,27 Cordata/WCC,,1,23,shp-27-01,1,1
2102010,27,3,27 Cordata/WCC,,1,127,shp-27-01,1,1
1713090,27,4,27 Cordata/WCC,,1,43,shp-27-01,1,1
582070,27,2,27 Cordata/WCC,,1,43,shp-27-01,1,1
698070,27,2,27 Cordata/WCC,,1,43,shp-27-01,1,1
629010,27,3,27 Cordata/WCC,,1,127,shp-27-01,1,1
1962070,27,2,27 Cordata/WCC,,1,33,shp-27-01,1,1
308090,27,4,27 Cordata/WCC,,1,43,shp-27-01,1,1
776090,27,4,27 Cordata/WCC,,1,13,shp-27-01,1,1
1587020,27,1,27 Cordata/WCC,,1,23,shp-27-01,1,1
1134070,27,2,27 Cordata/WCC,,1,13,shp-27-01,1,1
2512070,27,2,27 Cordata/WCC,,1,33,shp-27-01,1,1
320070,27,2,27 Cordata/WCC,,1,33,shp-27-01,1,1
1428090,27,4,27 Cordata/WCC,,1,33,shp-27-01,1,1
1835010,27,3,27 Cordata/WCC,,1,127,shp-27-01,1,1
1088010,27,3,27 Cordata/WCC,,1,127,shp-27-01,1,1
776020,27,1,27 Cordata/WCC,,1,13,shp-27-01,1,1
1653090,27,4,27 Cordata/WCC,,1,43,shp-27-01,1,1
958020,27,1,27 Cordata/WCC,,1,43,shp-27-01,1,1
1428020,27,1,27 Cordata/WCC,,1,33,shp-27-01,1,1
336020,27,1,27 Cordata/WCC,,1,43,shp-27-01,1,1
264010,27,3,27 Cordata/WCC,,1,127,shp-27-01,1,1
212010,27,3,27 Cordata/WCC,,1,127,shp-27-01,1,1
308020,27,1,27 Cordata/WCC,,1,43,shp-27-01,1,1
2067020,27,1,27 Cordata/WCC,,1,33,shp-27-01,1,1
51010,27,3,27 Cordata/WCC,,1,127,shp-27-01,1,1
2268070,27,2,27 Cordata/WCC,,1,23,shp-27-01,1,1
414090,27,4,27 Cordata/WCC,,1,23,shp-27-01,1,1
925020,27,1,27 Cordata/WCC,,1,23,shp-27-01,1,1
591010,27,3,27 Cordata/WCC,,1,127,shp-27-01,1,1
1335020,27,1,27 Cordata/WCC,,1,13,shp-27-01,1,1
336090,27,4,27 Cordata/WCC,,1,43,shp-27-01,1,1
958090,27,4,27 Cordata/WCC,,1,43,shp-27-01,1,1
1168020,27,1,27 Cordata/WCC,,1,13,shp-27-01,1,1
414020,27,1,27 Cordata/WCC,,1,23,shp-27-01,1,1
925090,27,4,27 Cordata/WCC,,1,23,shp-27-01,1,1
1674010,27,3,27 Ferndale,,0,127,shp-27-51,1,1
2219010,27,3,27 Ferndale,,0,127,shp-27-51,1,1
2451070,27,2,27 Ferndale,,0,33,shp-27-51,1,1
637090,27,4,27 Ferndale,,0,43,shp-27-51,1,1
266090,27,4,27 Ferndale,,0,33,shp-27-51,1,1
648020,27,1,27 Ferndale,,0,23,shp-27-51,1,1
648090,27,4,27 Ferndale,,0,23,shp-27-51,1,1
1275090,27,4,27 Ferndale,,0,33,shp-27-51,1,1
1660010,27,3,27 Ferndale,,0,127,shp-27-51,1,1
2255010,27,3,27 Ferndale,,0,127,shp-27-51,1,1
2580010,27,3,27 Ferndale,,0,127,shp-27-51,1,1
286090,27,4,27 Ferndale,,0,13,shp-27-51,1,1
2114070,27,2,27 Ferndale,,0,43,shp-27-51,1,1
1214070,27,2,27 Ferndale,,0,23,shp-27-51,1,1
189020,27,1,27 Ferndale,,0,13,shp-27-51,1,1
2023070,27,2,27 Ferndale,,0,23,shp-27-51,1,1
1408020,27,1,27 Ferndale,,0,43,shp-27-51,1,1
2321090,27,4,27 Ferndale,,0,13,shp-27-51,1,1
1119020,27,1,27 Ferndale,,0,43,shp-27-51,1,1
1658010,27,3,27 Ferndale,,0,127,shp-27-51,1,1
1173070,27,2,27 Ferndale,,0,43,shp-27-51,1,1
1119090,27,4,27 Ferndale,,0,43,shp-27-51,1,1
1443070,27,2,27 Ferndale,,0,13,shp-27-51,1,1
1532010,27,3,27 Ferndale,,0,127,shp-27-51,1,1
2011020,27,1,27 Ferndale,,0,33,shp-27-51,1,1
1408090,27,4,27 Ferndale,,0,43,shp-27-51,1,1
388010,27,3,27 Ferndale,,0,127,shp-27-51,1,1
483020,27,1,27 Ferndale,,0,23,shp-27-51,1,1
400090,27,4,27 Ferndale,,0,43,shp-27-51,1,1
2641090,27,4,27 Ferndale,,0,43,shp-27-51,1,1
2321020,27,1,27 Ferndale,,0,13,shp-27-51,1,1
189090,27,4,27 Ferndale,,0,13,shp-27-51,1,1
956070,27,2,27 Ferndale,,0,43,shp-27-51,1,1
483090,27,4,27 Ferndale,,0,23,shp-27-51,1,1
2011090,27,4,27 Ferndale,,0,33,shp-27-51,1,1
1724070,27,2,27 Ferndale,,0,33,shp-27-51,1,1
400020,27,1,27 Ferndale,,0,43,shp-27-51,1,1
1779020,27,1,27 Ferndale,,0,23,shp-27-51,1,1
2178090,27,4,27 Ferndale,,0,13,shp-27-51,1,1
1779090,27,4,27 Ferndale,,0,23,shp-27-51,1,1
637020,27,1,27 Ferndale,,0,43,shp-27-51,1,1
562070,27,2,27 Ferndale,,0,33,shp-27-51,1,1
286020,27,1,27 Ferndale,,0,13,shp-27-51,1,1
1855070,27,2,27 Ferndale,,0,13,shp-27-51,1,1
2634070,27,2,27 Ferndale,,0,13,shp-27-51,1,1
2178020,27,1,27 Ferndale,,0,13,shp-27-51,1,1
266020,27,1,27 Ferndale,,0,33,shp-27-51,1,1
2641020,27,1,27 Ferndale,,0,43,shp-27-51,1,1
1275020,27,1,27 Ferndale,,0,33,shp-27-51,1,1
2158090,29,4,29 Cordata/WCC,,1,114,shp-29-01,1,1
1554010,29,3,29 Cordata/WCC,,1,226,shp-29-01,1,1
221090,29,4,29 Cordata/WCC,,1,314,shp-29-01,1,1
717020,29,1,29 Cordata/WCC,,1,314,shp-29-01,1,1
1300090,29,4,29 Cordata/WCC,,1,314,shp-29-01,1,1
100020,29,1,29 Cordata/WCC,,1,314,shp-29-01,1,1
2262020,29,1,29 Cordata/WCC,,1,314,shp-29-01,1,1
2443010,29,3,29 Cordata/WCC,,1,126,shp-29-01,1,1
1947070,29,2,29 Cordata/WCC,,1,229,shp-29-01,1,1
717090,29,4,29 Cordata/WCC,,1,314,shp-29-01,1,1
23070,29,2,29 Cordata/WCC,,1,229,shp-29-01,1,1
1875070,29,2,29 Cordata/WCC,,1,129,shp-29-01,1,1
1954070,29,2,29 Cordata/WCC,,1,129,shp-29-01,1,1
1204010,29,3,29 Cordata/WCC,,1,226,shp-29-01,1,1
1923070,29,2,29 Cordata/WCC,,1,129,shp-29-01,1,1
1933090,29,4,29 Cordata/WCC,,1,114,shp-29-01,1,1
221020,29,1,29 Cordata/WCC,,1,314,shp-29-01,1,1
1300020,29,1,29 Cordata/WCC,,1,314,shp-29-01,1,1
846010,29,3,29 Cordata/WCC,,1,126,shp-29-01,1,1
1652020,29,1,29 Cordata/WCC,,1,314,shp-29-01,1,1
997010,29,3,29 Cordata/WCC,,1,126,shp-29-01,1,1
1381090,29,4,29 Cordata/WCC,,1,114,shp-29-01,1,1
1294010,29,3,29 Cordata/WCC,,1,226,shp-29-01,1,1
2099070,29,2,29 Cordata/WCC,,1,229,shp-29-01,1,1
2644010,29,3,29 Cordata/WCC,,1,126,shp-29-01,1,1
1381020,29,1,29 Cordata/WCC,,1,114,shp-29-01,1,1
1278010,29,3,29 Cordata/WCC,,1,226,shp-29-01,1,1
468020,29,1,29 Cordata/WCC,,1,114,shp-29-01,1,1
672070,29,2,29 Cordata/WCC,,1,229,shp-29-01,1,1
2262090,29,4,29 Cordata/WCC,,1,314,shp-29-01,1,1
100090,29,4,29 Cordata/WCC,,1,314,shp-29-01,1,1
1524010,29,3,29 Cordata/WCC,,1,226,shp-29-01,1,1
484020,29,1,29 Cordata/WCC,,1,114,shp-29-01,1,1
1933020,29,1,29 Cordata/WCC,,1,114,shp-29-01,1,1
1160070,29,2,29 Cordata/WCC,,1,129,shp-29-01,1,1
2158020,29,1,29 Cordata/WCC,,1,114,shp-29-01,1,1
854070,29,2,29 Cordata/WCC,,1,129,shp-29-01,1,1
1652090,29,4,29 Cordata/WCC,,1,314,shp-29-01,1,1
468090,29,4,29 Cordata/WCC,,1,114,shp-29-01,1,1
2243070,29,2,29 Cordata/WCC,,1,229,shp-29-01,1,1
825010,29,3,29 Cordata/WCC,,1,126,shp-29-01,1,1
1190010,29,3,29 Cordata/WCC,,1,226,shp-29-01,1,1
484090,29,4,29 Cordata/WCC,,1,114,shp-29-01,1,1
91090,29,4,29 Kline,,0,314,shp-29-51,1,1
702010,29,3,29 Kline,,0,126,shp-29-51,1,1
1878070,29,2,29 Kline,,0,129,shp-29-51,1,1
2398010,29,3,29 Kline,,0,126,shp-29-51,1,1
1331090,29,4,29 Kline,,0,314,shp-29-51,1,1
2265010,29,3,29 Kline,,0,226,shp-29-51,1,1
2308020,29,1,29 Kline,,0,114,shp-29-51,1,1
703010,29,3,29 Kline,,0,226,shp-29-51,1,1
1331020,29,1,29 Kline,,0,314,shp-29-51,1,1
333010,29,3,29 Kline,,0,226,shp-29-51,1,1
1260020,29,1,29 Kline,,0,114,shp-29-51,1,1
1911010,29,3,29 Kline,,0,226,shp-29-51,1,1
497070,29,2,29 Kline,,0,229,shp-29-51,1,1
635020,29,1,29 Kline,,0,314,shp-29-51,1,1
1752090,29,4,29 Kline,,0,114,shp-29-51,1,1
1503010,29,3,29 Kline,,0,126,shp-29-51,1,1
1332020,29,1,29 Kline,,0,314,shp-29-51,1,1
1259010,29,3,29 Kline,,0,226,shp-29-51,1,1
2401070,29,2,29 Kline,,0,129,shp-29-51,1,1
2286070,29,2,29 Kline,,0,229,shp-29-51,1,1
1260090,29,4,29 Kline,,0,114,shp-29-51,1,1
660070,29,2,29 Kline,,0,129,shp-29-51,1,1
1648070,29,2,29 Kline,,0,229,shp-29-51,1,1
2340010,29,3,29 Kline,,0,126,shp-29-51,1,1
1575020,29,1,29 Kline,,0,114,shp-29-51,1,1
1997010,29,3,29 Kline,,0,126,shp-29-51,1,1
1205020,29,1,29 Kline,,0,114,shp-29-51,1,1
2308090,29,4,29 Kline,,0,114,shp-29-51,1,1
1960020,29,1,29 Kline,,0,314,shp-29-51,1,1
2151070,29,2,29 Kline,,0,229,shp-29-51,1,1
1575090,29,4,29 Kline,,0,114,shp-29-51,1,1
1332090,29,4,29 Kline,,0,314,shp-29-51,1,1
635090,29,4,29 Kline,,0,314,shp-29-51,1,1
91020,29,1,29 Kline,,0,314,shp-29-51,1,1
1205090,29,4,29 Kline,,0,114,shp-29-51,1,1
727070,29,2,29 Kline,,0,229,shp-29-51,1,1
2642090,29,4,29 Kline,,0,314,shp-29-51,1,1
1292010,29,3,29 Kline,,0,226,shp-29-51,1,1
1752020,29,1,29 Kline,,0,114,shp-29-51,1,1
1140070,29,2,29 Kline,,0,129,shp-29-51,1,1
1960090,29,4,29 Kline,,0,314,shp-29-51,1,1
425070,29,2,29 Kline,,0,129,shp-29-51,1,1
2642020,29,1,29 Kline,,0,314,shp-29-51,1,1
678070,3,2,3 Airport / Cordata,,1,23,shp-3-01,1,1
1034090,3,4,3 Airport / Cordata,,1,43,shp-3-01,1,1
2452090,3,4,3 Airport / Cordata,,1,23,shp-3-01,1,1
391070,3,2,3 Airport / Cordata,,1,33,shp-3-01,1,1
115090,3,4,3 Airport / Cordata,,1,33,shp-3-01,1,1
1636010,3,3,3 Airport / Cordata,,1,13,shp-3-01,1,1
663070,3,2,3 Airport / Cordata,,1,43,shp-3-01,1,1
2556020,3,1,3 Airport / Cordata,,1,43,shp-3-01,1,1
1010,3,3,3 Airport / Cordata,,1,23,shp-3-01,1,1
1158010,3,3,3 Airport / Cordata,,1,23,shp-3-01,1,1
722090,3,4,3 Airport / Cordata,,1,43,shp-3-01,1,1
1787010,3,3,3 Airport / Cordata,,1,23,shp-3-01,1,1
115020,3,1,3 Airport / Cordata,,1,33,shp-3-01,1,1
2317090,3,4,3 Airport / Cordata,,1,13,shp-3-01,1,1
160010,3,3,3 Airport / Cordata,,1,13,shp-3-01,1,1
723090,3,4,3 Airport / Cordata,,1,23,shp-3-01,1,1
395020,3,1,3 Airport / Cordata,,1,33,shp-3-01,1,1
550090,3,4,3 Airport / Cordata,,1,33,shp-3-01,1,1
710090,3,4,3 Airport / Cordata,,1,13,shp-3-01,1,1
1077090,3,4,3 Airport / Cordata,,1,23,shp-3-01,1,1
2572020,3,1,3 Airport / Cordata,,1,13,shp-3-01,1,1
2211020,3,1,3 Airport / Cordata,,1,43,shp-3-01,1,1
550020,3,1,3 Airport / Cordata,,1,33,shp-3-01,1,1
2452020,3,1,3 Airport / Cordata,,1,23,shp-3-01,1,1
144070,3,2,3 Airport / Cordata,,1,43,shp-3-01,1,1
2572090,3,4,3 Airport / Cordata,,1,13,shp-3-01,1,1
1034020,3,1,3 Airport / Cordata,,1,43,shp-3-01,1,1
2211090,3,4,3 Airport / Cordata,,1,43,shp-3-01,1,1
491070,3,2,3 Airport / Cordata,,1,13,shp-3-01,1,1
865070,3,2,3 Airport / Cordata,,1,33,shp-3-01,1,1
1323010,3,3,3 Airport / Cordata,,1,13,shp-3-01,1,1
1309010,3,3,3 Airport / Cordata,,1,13,shp-3-01,1,1
1280010,3,3,3 Airport / Cordata,,1,23,shp-3-01,1,1
722020,3,1,3 Airport / Cordata,,1,43,shp-3-01,1,1
710020,3,1,3 Airport / Cordata,,1,13,shp-3-01,1,1
723020,3,1,3 Airport / Cordata,,1,23,shp-3-01,1,1
1865070,3,2,3 Airport / Cordata,,1,13,shp-3-01,1,1
240010,3,3,3 Airport / Cordata,,1,23,shp-3-01,1,1
152070,3,2,3 Airport / Cordata,,1,33,shp-3-01,1,1
733010,3,3,3 Airport / Cordata,,1,13,shp-3-01,1,1
395090,3,4,3 Airport / Cordata,,1,33,shp-3-01,1,1
2317020,3,1,3 Airport / Cordata,,1,13,shp-3-01,1,1
2473070,3,2,3 Airport / Cordata,,1,23,shp-3-01,1,1
2593070,3,2,3 Airport / Cordata,,1,43,shp-3-01,1,1
2556090,3,4,3 Airport / Cordata,,1,43,shp-3-01,1,1
1077020,3,1,3 Airport / Cordata,,1,23,shp-3-01,1,1
2171070,3,2,3 Airport / Cordata,,1,23,shp-3-01,1,1
982010,3,3,3 Airport/Downtown,,0,13,shp-3-51,1,1
1560070,3,2,3 Airport/Downtown,,0,13,shp-3-51,1,1
1796020,3,1,3 Airport/Downtown,,0,43,shp-3-51,1,1
474070,3,2,3 Airport/Downtown,,0,33,shp-3-51,1,1
1815070,3,2,3 Airport/Downtown,,0,33,shp-3-51,1,1
104020,3,1,3 Airport/Downtown,,0,13,shp-3-51,1,1
2357020,3,1,3 Airport/Downtown,,0,33,shp-3-51,1,1
157070,3,2,3 Airport/Downtown,,0,43,shp-3-51,1,1
1621020,3,1,3 Airport/Downtown,,0,43,shp-3-51,1,1
2238090,3,4,3 Airport/Downtown,,0,23,shp-3-51,1,1
1659070,3,2,3 Airport/Downtown,,0,13,shp-3-51,1,1
1722020,3,1,3 Airport/Downtown,,0,33,shp-3-51,1,1
1621090,3,4,3 Airport/Downtown,,0,43,shp-3-51,1,1
539010,3,3,3 Airport/Downtown,,0,13,shp-3-51,1,1
1722090,3,4,3 Airport/Downtown,,0,33,shp-3-51,1,1
1796090,3,4,3 Airport/Downtown,,0,43,shp-3-51,1,1
769070,3,2,3 Airport/Downtown,,0,43,shp-3-51,1,1
1169010,3,3,3 Airport/Downtown,,0,23,shp-3-51,1,1
1588020,3,1,3 Airport/Downtown,,0,23,shp-3-51,1,1
544010,3,3,3 Airport/Downtown,,0,13,shp-3-51,1,1
2331010,3,3,3 Airport/Downtown,,0,13,shp-3-51,1,1
2588020,3,1,3 Airport/Downtown,,0,33,shp-3-51,1,1
1028010,3,3,3 Airport/Downtown,,0,23,shp-3-51,1,1
2122090,3,4,3 Airport/Downtown,,0,13,shp-3-51,1,1
2238020,3,1,3 Airport/Downtown,,0,23,shp-3-51,1,1
2271070,3,2,3 Airport/Downtown,,0,23,shp-3-51,1,1
828020,3,1,3 Airport/Downtown,,0,23,shp-3-51,1,1
2104070,3,2,3 Airport/Downtown,,0,33,shp-3-51,1,1
1758010,3,3,3 Airport/Downtown,,0,23,shp-3-51,1,1
1462090,3,4,3 Airport/Downtown,,0,33,shp-3-51,1,1
2122020,3,1,3 Airport/Downtown,,0,13,shp-3-51,1,1
2588090,3,4,3 Airport/Downtown,,0,33,shp-3-51,1,1
2357090,3,4,3 Airport/Downtown,,0,33,shp-3-51,1,1
9010,3,3,3 Airport/Downtown,,0,23,shp-3-51,1,1
1462020,3,1,3 Airport/Downtown,,0,33,shp-3-51,1,1
828090,3,4,3 Airport/Downtown,,0,23,shp-3-51,1,1
1943020,3,1,3 Airport/Downtown,,0,43,shp-3-51,1,1
1588090,3,4,3 Airport/Downtown,,0,23,shp-3-51,1,1
1195090,3,4,3 Airport/Downtown,,0,13,shp-3-51,1,1
104090,3,4,3 Airport/Downtown,,0,13,shp-3-51,1,1
998070,3,2,3 Airport/Downtown,,0,13,shp-3-51,1,1
850070,3,2,3 Airport/Downtown,,0,23,shp-3-51,1,1
1943090,3,4,3 Airport/Downtown,,0,43,shp-3-51,1,1
2123010,3,3,3 Airport/Downtown,,0,13,shp-3-51,1,1
1195020,3,1,3 Airport/Downtown,,0,13,shp-3-51,1,1
840070,3,2,3 Airport/Downtown,,0,23,shp-3-51,1,1
1777010,3,3,3 Airport/Downtown,,0,23,shp-3-51,1,1
1019020,331,1,331 Cordata/WCC,,1,1331,shp-331-01,1,1
1201070,331,2,331 Cordata/WCC,,1,2331,shp-331-01,1,1
587020,331,1,331 Cordata/WCC,,1,1331,shp-331-01,1,1
1194070,331,2,331 Cordata/WCC,,1,2331,shp-331-01,1,1
1597070,331,2,331 Cordata/WCC,,1,2331,shp-331-01,1,1
445020,331,1,331 Cordata/WCC,,1,3331,shp-331-01,1,1
770070,331,2,331 Cordata/WCC,,1,4331,shp-331-01,1,1
1949090,331,4,331 Cordata/WCC,,1,2331,shp-331-01,1,1
1326070,331,2,331 Cordata/WCC,,1,2331,shp-331-01,1,1
1250090,331,4,331 Cordata/WCC,,1,3331,shp-331-01,1,1
971090,331,4,331 Cordata/WCC,,1,3331,shp-331-01,1,1
1285020,331,1,331 Cordata/WCC,,1,5331,shp-331-01,1,1
2354090,331,4,331 Cordata/WCC,,1,4331,shp-331-01,1,1
1942010,331,3,331 Cordata/WCC,,1,2331,shp-331-01,1,1
2375020,331,1,331 Cordata/WCC,,1,4331,shp-331-01,1,1
293090,331,4,331 Cordata/WCC,,1,4331,shp-331-01,1,1
2385070,331,2,331 Cordata/WCC,,1,4331,shp-331-01,1,1
1449090,331,4,331 Cordata/WCC,,1,4331,shp-331-01,1,1
134020,331,1,331 Cordata/WCC,,1,4331,shp-331-01,1,1
798020,331,1,331 Cordata/WCC,,1,2331,shp-331-01,1,1
758020,331,1,331 Cordata/WCC,,1,3331,shp-331-01,1,1
549020,331,1,331 Cordata/WCC,,1,3331,shp-331-01,1,1
1413090,331,4,331 Cordata/WCC,,1,5331,shp-331-01,1,1
94070,331,2,331 Cordata/WCC,,1,2331,shp-331-01,1,1
2346090,331,4,331 Cordata/WCC,,1,3331,shp-331-01,1,1
1436020,331,1,331 Cordata/WCC,,1,4331,shp-331-01,1,1
785020,331,1,331 Cordata/WCC,,1,2331,shp-331-01,1,1
1700010,331,3,331 Cordata/WCC,,1,1331,shp-331-01,1,1
1285090,331,4,331 Cordata/WCC,,1,5331,shp-331-01,1,1
971020,331,1,331 Cordata/WCC,,1,3331,shp-331-01,1,1
1125070,331,2,331 Cordata/WCC,,1,3331,shp-331-01,1,1
1419090,331,4,331 Cordata/WCC,,1,2331,shp-331-01,1,1
2030090,331,4,331 Cordata/WCC,,1,3331,shp-331-01,1,1
741010,331,3,331 Cordata/WCC,,1,2331,shp-331-01,1,1
1813020,331,1,331 Cordata/WCC,,1,3331,shp-331-01,1,1
2373010,331,3,331 Cordata/WCC,,1,1331,shp-331-01,1,1
2034010,331,3,331 Cordata/WCC,,1,2331,shp-331-01,1,1
599070,331,2,331 Cordata/WCC,,1,3331,shp-331-01,1,1
2346020,331,1,331 Cordata/WCC,,1,3331,shp-331-01,1,1
1814070,331,2,331 Cordata/WCC,,1,1331,shp-331-01,1,1
976090,331,4,331 Cordata/WCC,,1,2331,shp-331-01,1,1
2200020,331,1,331 Cordata/WCC,,1,1331,shp-331-01,1,1
1580020,331,1,331 Cordata/WCC,,1,2331,shp-331-01,1,1
1112090,331,4,331 Cordata/WCC,,1,1331,shp-331-01,1,1
1704090,331,4,331 Cordata/WCC,,1,2331,shp-331-01,1,1
596020,331,1,331 Cordata/WCC,,1,4331,shp-331-01,1,1
1860020,331,1,331 Cordata/WCC,,1,4331,shp-331-01,1,1
2088010,331,3,331 Cordata/WCC,,1,2331,shp-331-01,1,1
2615020,331,1,331 Cordata/WCC,,1,4331,shp-331-01,1,1
1479020,331,1,331 Cordata/WCC,,1,4331,shp-331-01,1,1
454070,331,2,331 Cordata/WCC,,1,1331,shp-331-01,1,1
890070,331,2,331 Cordata/WCC,,1,3331,shp-331-01,1,1
798090,331,4,331 Cordata/WCC,,1,2331,shp-331-01,1,1
1449020,331,1,331 Cordata/WCC,,1,4331,shp-331-01,1,1
876070,331,2,331 Cordata/WCC,,1,1331,shp-331-01,1,1
198070,331,2,331 Cordata/WCC,,1,1331,shp-331-01,1,1
1472010,331,3,331 Cordata/WCC,,1,2331,shp-331-01,1,1
1191020,331,1,331 Cordata/WCC,,1,1331,shp-331-01,1,1
134090,331,4,331 Cordata/WCC,,1,4331,shp-331-01,1,1
1263090,331,4,331 Cordata/WCC,,1,4331,shp-331-01,1,1
2485070,331,2,331 Cordata/WCC,,1,2331,shp-331-01,1,1
773070,331,2,331 Cordata/WCC,,1,2331,shp-331-01,1,1
2637020,331,1,331 Cordata/WCC,,1,1331,shp-331-01,1,1
289020,331,1,331 Cordata/WCC,,1,2331,shp-331-01,1,1
1250020,331,1,331 Cordata/WCC,,1,3331,shp-331-01,1,1
86010,331,3,331 Cordata/WCC,,1,2331,shp-331-01,1,1
311090,331,4,331 Cordata/WCC,,1,1331,shp-331-01,1,1
2264070,331,2,331 Cordata/WCC,,1,4331,shp-331-01,1,1
311020,331,1,331 Cordata/WCC,,1,1331,shp-331-01,1,1
1196090,331,4,331 Cordata/WCC,,1,1331,shp-331-01,1,1
1174020,331,1,331 Cordata/WCC,,1,4331,shp-331-01,1,1
1530070,331,2,331 Cordata/WCC,,1,2331,shp-331-01,1,1
2533020,331,1,331 Cordata/WCC,,1,1331,shp-331-01,1,1
2405070,331,2,331 Cordata/WCC,,1,4331,shp-331-01,1,1
293020,331,1,331 Cordata/WCC,,1,4331,shp-331-01,1,1
785090,331,4,331 Cordata/WCC,,1,2331,shp-331-01,1,1
282070,331,2,331 Cordata/WCC,,1,3331,shp-331-01,1,1
596090,331,4,331 Cordata/WCC,,1,4331,shp-331-01,1,1
203070,331,2,331 Cordata/WCC,,1,1331,shp-331-01,1,1
587090,331,4,331 Cordata/WCC,,1,1331,shp-331-01,1,1
2176070,331,2,331 Cordata/WCC,,1,4331,shp-331-01,1,1
892070,331,2,331 Cordata/WCC,,1,4331,shp-331-01,1,1
1186070,331,2,331 Cordata/WCC,,1,4331,shp-331-01,1,1
1004010,331,3,331 Cordata/WCC,,1,1331,shp-331-01,1,1
638090,331,4,331 Cordata/WCC,,1,3331,shp-331-01,1,1
2542010,331,3,331 Cordata/WCC,,1,2331,shp-331-01,1,1
383020,331,1,331 Cordata/WCC,,1,4331,shp-331-01,1,1
1908070,331,2,331 Cordata/WCC,,1,2331,shp-331-01,1,1
445090,331,4,331 Cordata/WCC,,1,3331,shp-331-01,1,1
1751070,331,2,331 Cordata/WCC,,1,3331,shp-331-01,1,1
1905070,331,2,331 Cordata/WCC,,1,1331,shp-331-01,1,1
2360010,331,3,331 Cordata/WCC,,1,1331,shp-331-01,1,1
1742070,331,2,331 Cordata/WCC,,1,3331,shp-331-01,1,1
2615090,331,4,331 Cordata/WCC,,1,4331,shp-331-01,1,1
2113070,331,2,331 Cordata/WCC,,1,1331,shp-331-01,1,1
1149090,331,4,331 Cordata/WCC,,1,5331,shp-331-01,1,1
862070,331,2,331 Cordata/WCC,,1,2331,shp-331-01,1,1
2043090,331,4,331 Cordata/WCC,,1,3331,shp-331-01,1,1
1862020,331,1,331 Cordata/WCC,,1,2331,shp-331-01,1,1
2226070,331,2,331 Cordata/WCC,,1,2331,shp-331-01,1,1
2155090,331,4,331 Cordata/WCC,,1,4331,shp-331-01,1,1
1174090,331,4,331 Cordata/WCC,,1,4331,shp-331-01,1,1
222090,331,4,331 Cordata/WCC,,1,5331,shp-331-01,1,1
1191090,331,4,331 Cordata/WCC,,1,1331,shp-331-01,1,1
1733010,331,3,331 Cordata/WCC,,1,1331,shp-331-01,1,1
289090,331,4,331 Cordata/WCC,,1,2331,shp-331-01,1,1
2375090,331,4,331 Cordata/WCC,,1,4331,shp-331-01,1,1
387070,331,2,331 Cordata/WCC,,1,4331,shp-331-01,1,1
1939020,331,1,331 Cordata/WCC,,1,2331,shp-331-01,1,1
2533090,331,4,331 Cordata/WCC,,1,1331,shp-331-01,1,1
1019090,331,4,331 Cordata/WCC,,1,1331,shp-331-01,1,1
1704020,331,1,331 Cordata/WCC,,1,2331,shp-331-01,1,1
2110070,331,2,331 Cordata/WCC,,1,4331,shp-331-01,1,1
2028010,331,3,331 Cordata/WCC,,1,1331,shp-331-01,1,1
1580090,331,4,331 Cordata/WCC,,1,2331,shp-331-01,1,1
2284070,331,2,331 Cordata/WCC,,1,3331,shp-331-01,1,1
675020,331,1,331 Cordata/WCC,,1,3331,shp-331-01,1,1
1949020,331,1,331 Cordata/WCC,,1,2331,shp-331-01,1,1
2155020,331,1,331 Cordata/WCC,,1,4331,shp-331-01,1,1
383090,331,4,331 Cordata/WCC,,1,4331,shp-331-01,1,1
681010,331,3,331 Cordata/WCC,,1,1331,shp-331-01,1,1
616010,331,3,331 Cordata/WCC,,1,1331,shp-331-01,1,1
1972070,331,2,331 Cordata/WCC,,1,3331,shp-331-01,1,1
976020,331,1,331 Cordata/WCC,,1,2331,shp-331-01,1,1
2200090,331,4,331 Cordata/WCC,,1,1331,shp-331-01,1,1
1754010,331,3,331 Cordata/WCC,,1,2331,shp-331-01,1,1
1939090,331,4,331 Cordata/WCC,,1,2331,shp-331-01,1,1
1388020,331,1,331 Cordata/WCC,,1,1331,shp-331-01,1,1
1436090,331,4,331 Cordata/WCC,,1,4331,shp-331-01,1,1
1829010,331,3,331 Cordata/WCC,,1,1331,shp-331-01,1,1
2045070,331,2,331 Cordata/WCC,,1,4331,shp-331-01,1,1
2637090,331,4,331 Cordata/WCC,,1,1331,shp-331-01,1,1
1263020,331,1,331 Cordata/WCC,,1,4331,shp-331-01,1,1
1935010,331,3,331 Cordata/WCC,,1,1331,shp-331-01,1,1
1501070,331,2,331 Cordata/WCC,,1,2331,shp-331-01,1,1
1388090,331,4,331 Cordata/WCC,,1,1331,shp-331-01,1,1
1479090,331,4,331 Cordata/WCC,,1,4331,shp-331-01,1,1
165070,331,2,331 Cordata/WCC,,1,4331,shp-331-01,1,1
2427070,331,2,331 Cordata/WCC,,1,4331,shp-331-01,1,1
1860090,331,4,331 Cordata/WCC,,1,4331,shp-331-01,1,1
927090,331,4,331 Cordata/WCC,,1,3331,shp-331-01,1,1
1903070,331,2,331 Cordata/WCC,,1,1331,shp-331-01,1,1
1731070,331,2,331 Cordata/WCC,,1,4331,shp-331-01,1,1
927020,331,1,331 Cordata/WCC,,1,3331,shp-331-01,1,1
2594020,331,1,331 Cordata/WCC,,1,3331,shp-331-01,1,1
549090,331,4,331 Cordata/WCC,,1,3331,shp-331-01,1,1
675090,331,4,331 Cordata/WCC,,1,3331,shp-331-01,1,1
638020,331,1,331 Cordata/WCC,,1,3331,shp-331-01,1,1
2544090,331,4,331 Cordata/WCC,,1,1331,shp-331-01,1,1
1196020,331,1,331 Cordata/WCC,,1,1331,shp-331-01,1,1
2354020,331,1,331 Cordata/WCC,,1,4331,shp-331-01,1,1
486010,331,3,331 Cordata/WCC,,1,1331,shp-331-01,1,1
2013010,331,3,331 Cordata/WCC,,1,2331,shp-331-01,1,1
1419020,331,1,331 Cordata/WCC,,1,2331,shp-331-01,1,1
1283010,331,3,331 Cordata/WCC,,1,2331,shp-331-01,1,1
816070,331,2,331 Cordata/WCC,,1,2331,shp-331-01,1,1
112070,331,2,331 Cordata/WCC,,1,3331,shp-331-01,1,1
1813090,331,4,331 Cordata/WCC,,1,3331,shp-331-01,1,1
2381070,331,2,331 Cordata/WCC,,1,1331,shp-331-01,1,1
1862090,331,4,331 Cordata/WCC,,1,2331,shp-331-01,1,1
2030020,331,1,331 Cordata/WCC,,1,3331,shp-331-01,1,1
1271010,331,3,331 Cordata/WCC,,1,2331,shp-331-01,1,1
758090,331,4,331 Cordata/WCC,,1,3331,shp-331-01,1,1
2064010,331,3,331 Cordata/WCC,,1,2331,shp-331-01,1,1
1185010,331,3,331 Cordata/WCC,,1,1331,shp-331-01,1,1
965070,331,2,331 Cordata/WCC,,1,1331,shp-331-01,1,1
2043020,331,1,331 Cordata/WCC,,1,3331,shp-331-01,1,1
1413020,331,1,331 Cordata/WCC,,1,5331,shp-331-01,1,1
1149020,331,1,331 Cordata/WCC,,1,5331,shp-331-01,1,1
1112020,331,1,331 Cordata/WCC,,1,1331,shp-331-01,1,1
2544020,331,1,331 Cordata/WCC,,1,1331,shp-331-01,1,1
222020,331,1,331 Cordata/WCC,,1,5331,shp-331-01,1,1
2594090,331,4,331 Cordata/WCC,,1,3331,shp-331-01,1,1
1870070,331,2,331 Downtown,,0,4232,shp-331-51,1,1
719070,331,2,331 Downtown,,0,4232,shp-331-51,1,1
774070,331,2,331 Downtown,,0,3232,shp-331-51,1,1
1126020,331,1,331 Downtown,,0,2232,shp-331-51,1,1
1902020,331,1,331 Downtown,,0,3232,shp-331-51,1,1
1393090,331,4,331 Downtown,,0,2232,shp-331-51,1,1
746070,331,2,331 Downtown,,0,1232,shp-331-51,1,1
40020,331,1,331 Downtown,,0,3232,shp-331-51,1,1
2480020,331,1,331 Downtown,,0,1232,shp-331-51,1,1
92020,331,1,331 Downtown,,0,5232,shp-331-51,1,1
1074070,331,2,331 Downtown,,0,4232,shp-331-51,1,1
2604020,331,1,331 Downtown,,0,1232,shp-331-51,1,1
2529090,331,4,331 Downtown,,0,1232,shp-331-51,1,1
2026090,331,4,331 Downtown,,0,2232,shp-331-51,1,1
1047070,331,2,331 Downtown,,0,4232,shp-331-51,1,1
947020,331,1,331 Downtown,,0,4232,shp-331-51,1,1
771010,331,3,331 Downtown,,0,1232,shp-331-51,1,1
331070,331,2,331 Downtown,,0,4232,shp-331-51,1,1
366070,331,2,331 Downtown,,0,3232,shp-331-51,1,1
171010,331,3,331 Downtown,,0,1232,shp-331-51,1,1
2026020,331,1,331 Downtown,,0,2232,shp-331-51,1,1
2677070,331,2,331 Downtown,,0,2232,shp-331-51,1,1
314070,331,2,331 Downtown,,0,1232,shp-331-51,1,1
864020,331,1,331 Downtown,,0,1232,shp-331-51,1,1
1006090,331,4,331 Downtown,,0,3232,shp-331-51,1,1
92090,331,4,331 Downtown,,0,5232,shp-331-51,1,1
2203090,331,4,331 Downtown,,0,2232,shp-331-51,1,1
2579070,331,2,331 Downtown,,0,3232,shp-331-51,1,1
1247010,331,3,331 Downtown,,0,1232,shp-331-51,1,1
2522020,331,1,331 Downtown,,0,5232,shp-331-51,1,1
385070,331,2,331 Downtown,,0,3232,shp-331-51,1,1
2037020,331,1,331 Downtown,,0,4232,shp-331-51,1,1
2379020,331,1,331 Downtown,,0,1232,shp-331-51,1,1
699090,331,4,331 Downtown,,0,1232,shp-331-51,1,1
440010,331,3,331 Downtown,,0,2232,shp-331-51,1,1
1350070,331,2,331 Downtown,,0,4232,shp-331-51,1,1
1824020,331,1,331 Downtown,,0,5232,shp-331-51,1,1
743010,331,3,331 Downtown,,0,1232,shp-331-51,1,1
1406070,331,2,331 Downtown,,0,2232,shp-331-51,1,1
1850070,331,2,331 Downtown,,0,4232,shp-331-51,1,1
2052010,331,3,331 Downtown,,0,1232,shp-331-51,1,1
1902090,331,4,331 Downtown,,0,3232,shp-331-51,1,1
2119070,331,2,331 Downtown,,0,2232,shp-331-51,1,1
1225090,331,4,331 Downtown,,0,4232,shp-331-51,1,1
864090,331,4,331 Downtown,,0,1232,shp-331-51,1,1
82090,331,4,331 Downtown,,0,4232,shp-331-51,1,1
2186090,331,4,331 Downtown,,0,2232,shp-331-51,1,1
2472020,331,1,331 Downtown,,0,3232,shp-331-51,1,1
813070,331,2,331 Downtown,,0,2232,shp-331-51,1,1
561020,331,1,331 Downtown,,0,5232,shp-331-51,1,1
1655090,331,4,331 Downtown,,0,1232,shp-331-51,1,1
748070,331,2,331 Downtown,,0,2232,shp-331-51,1,1
1228020,331,1,331 Downtown,,0,4232,shp-331-51,1,1
2462090,331,4,331 Downtown,,0,1232,shp-331-51,1,1
2174070,331,2,331 Downtown,,0,1232,shp-331-51,1,1
1228090,331,4,331 Downtown,,0,4232,shp-331-51,1,1
53070,331,2,331 Downtown,,0,4232,shp-331-51,1,1
2480090,331,4,331 Downtown,,0,1232,shp-331-51,1,1
2060020,331,1,331 Downtown,,0,2232,shp-331-51,1,1
1555070,331,2,331 Downtown,,0,4232,shp-331-51,1,1
2433020,331,1,331 Downtown,,0,4232,shp-331-51,1,1
296020,331,1,331 Downtown,,0,5232,shp-331-51,1,1
1735010,331,3,331 Downtown,,0,2232,shp-331-51,1,1
2633070,331,2,331 Downtown,,0,2232,shp-331-51,1,1
2117020,331,1,331 Downtown,,0,3232,shp-331-51,1,1
1519020,331,1,331 Downtown,,0,4232,shp-331-51,1,1
1993070,331,2,331 Downtown,,0,1232,shp-331-51,1,1
2519090,331,4,331 Downtown,,0,2232,shp-331-51,1,1
561090,331,4,331 Downtown,,0,5232,shp-331-51,1,1
2326010,331,3,331 Downtown,,0,2232,shp-331-51,1,1
2207090,331,4,331 Downtown,,0,2232,shp-331-51,1,1
1126090,331,4,331 Downtown,,0,2232,shp-331-51,1,1
686020,331,1,331 Downtown,,0,4232,shp-331-51,1,1
1135090,331,4,331 Downtown,,0,1232,shp-331-51,1,1
2366020,331,1,331 Downtown,,0,1232,shp-331-51,1,1
1476070,331,2,331 Downtown,,0,2232,shp-331-51,1,1
2482070,331,2,331 Downtown,,0,2232,shp-331-51,1,1
2207020,331,1,331 Downtown,,0,2232,shp-331-51,1,1
820090,331,4,331 Downtown,,0,1232,shp-331-51,1,1
805020,331,1,331 Downtown,,0,1232,shp-331-51,1,1
1795070,331,2,331 Downtown,,0,3232,shp-331-51,1,1
2408020,331,1,331 Downtown,,0,2232,shp-331-51,1,1
1655020,331,1,331 Downtown,,0,1232,shp-331-51,1,1
2408090,331,4,331 Downtown,,0,2232,shp-331-51,1,1
820020,331,1,331 Downtown,,0,1232,shp-331-51,1,1
2518070,331,2,331 Downtown,,0,4232,shp-331-51,1,1
296090,331,4,331 Downtown,,0,5232,shp-331-51,1,1
191010,331,3,331 Downtown,,0,1232,shp-331-51,1,1
2081020,331,1,331 Downtown,,0,4232,shp-331-51,1,1
1135020,331,1,331 Downtown,,0,1232,shp-331-51,1,1
1122070,331,2,331 Downtown,,0,4232,shp-331-51,1,1
1414090,331,4,331 Downtown,,0,5232,shp-331-51,1,1
954090,331,4,331 Downtown,,0,1232,shp-331-51,1,1
370010,331,3,331 Downtown,,0,2232,shp-331-51,1,1
2095070,331,2,331 Downtown,,0,2232,shp-331-51,1,1
2522090,331,4,331 Downtown,,0,5232,shp-331-51,1,1
2081090,331,4,331 Downtown,,0,4232,shp-331-51,1,1
82020,331,1,331 Downtown,,0,4232,shp-331-51,1,1
686090,331,4,331 Downtown,,0,4232,shp-331-51,1,1
2510070,331,2,331 Downtown,,0,1232,shp-331-51,1,1
1811070,331,2,331 Downtown,,0,4232,shp-331-51,1,1
2060090,331,4,331 Downtown,,0,2232,shp-331-51,1,1
1893070,331,2,331 Downtown,,0,3232,shp-331-51,1,1
1680070,331,2,331 Downtown,,0,1232,shp-331-51,1,1
1557020,331,1,331 Downtown,,0,3232,shp-331-51,1,1
954020,331,1,331 Downtown,,0,1232,shp-331-51,1,1
133010,331,3,331 Downtown,,0,1232,shp-331-51,1,1
2203020,331,1,331 Downtown,,0,2232,shp-331-51,1,1
281070,331,2,331 Downtown,,0,1232,shp-331-51,1,1
1302010,331,3,331 Downtown,,0,1232,shp-331-51,1,1
1312010,331,3,331 Downtown,,0,2232,shp-331-51,1,1
1824090,331,4,331 Downtown,,0,5232,shp-331-51,1,1
2382090,331,4,331 Downtown,,0,2232,shp-331-51,1,1
2453070,331,2,331 Downtown,,0,4232,shp-331-51,1,1
2245020,331,1,331 Downtown,,0,1232,shp-331-51,1,1
1557090,331,4,331 Downtown,,0,3232,shp-331-51,1,1
893090,331,4,331 Downtown,,0,2232,shp-331-51,1,1
1238070,331,2,331 Downtown,,0,2232,shp-331-51,1,1
220090,331,4,331 Downtown,,0,1232,shp-331-51,1,1
2491070,331,2,331 Downtown,,0,1232,shp-331-51,1,1
893020,331,1,331 Downtown,,0,2232,shp-331-51,1,1
1179070,331,2,331 Downtown,,0,2232,shp-331-51,1,1
2508090,331,4,331 Downtown,,0,2232,shp-331-51,1,1
2201010,331,3,331 Downtown,,0,1232,shp-331-51,1,1
2617020,331,1,331 Downtown,,0,3232,shp-331-51,1,1
897010,331,3,331 Downtown,,0,2232,shp-331-51,1,1
1763020,331,1,331 Downtown,,0,3232,shp-331-51,1,1
2472090,331,4,331 Downtown,,0,3232,shp-331-51,1,1
1491010,331,3,331 Downtown,,0,1232,shp-331-51,1,1
805090,331,4,331 Downtown,,0,1232,shp-331-51,1,1
2157070,331,2,331 Downtown,,0,3232,shp-331-51,1,1
944070,331,2,331 Downtown,,0,3232,shp-331-51,1,1
220020,331,1,331 Downtown,,0,1232,shp-331-51,1,1
947090,331,4,331 Downtown,,0,4232,shp-331-51,1,1
394070,331,2,331 Downtown,,0,2232,shp-331-51,1,1
528090,331,4,331 Downtown,,0,3232,shp-331-51,1,1
2382020,331,1,331 Downtown,,0,2232,shp-331-51,1,1
40090,331,4,331 Downtown,,0,3232,shp-331-51,1,1
2617090,331,4,331 Downtown,,0,3232,shp-331-51,1,1
1078010,331,3,331 Downtown,,0,2232,shp-331-51,1,1
1519090,331,4,331 Downtown,,0,4232,shp-331-51,1,1
913010,331,3,331 Downtown,,0,2232,shp-331-51,1,1
2379090,331,4,331 Downtown,,0,1232,shp-331-51,1,1
2529020,331,1,331 Downtown,,0,1232,shp-331-51,1,1
1414020,331,1,331 Downtown,,0,5232,shp-331-51,1,1
1069010,331,3,331 Downtown,,0,2232,shp-331-51,1,1
2366090,331,4,331 Downtown,,0,1232,shp-331-51,1,1
2502070,331,2,331 Downtown,,0,4232,shp-331-51,1,1
1393020,331,1,331 Downtown,,0,2232,shp-331-51,1,1
2037090,331,4,331 Downtown,,0,4232,shp-331-51,1,1
2604090,331,4,331 Downtown,,0,1232,shp-331-51,1,1
1665070,331,2,331 Downtown,,0,2232,shp-331-51,1,1
2478020,331,1,331 Downtown,,0,2232,shp-331-51,1,1
1225020,331,1,331 Downtown,,0,4232,shp-331-51,1,1
2519020,331,1,331 Downtown,,0,2232,shp-331-51,1,1
1763090,331,4,331 Downtown,,0,3232,shp-331-51,1,1
2245090,331,4,331 Downtown,,0,1232,shp-331-51,1,1
2478090,331,4,331 Downtown,,0,2232,shp-331-51,1,1
2117090,331,4,331 Downtown,,0,3232,shp-331-51,1,1
528020,331,1,331 Downtown,,0,3232,shp-331-51,1,1
1821010,331,3,331 Downtown,,0,1232,shp-331-51,1,1
1360010,331,3,331 Downtown,,0,1232,shp-331-51,1,1
2508020,331,1,331 Downtown,,0,2232,shp-331-51,1,1
699020,331,1,331 Downtown,,0,1232,shp-331-51,1,1
1453010,331,3,331 Downtown,,0,2232,shp-331-51,1,1
1172010,331,3,331 Downtown,,0,2232,shp-331-51,1,1
424070,331,2,331 Downtown,,0,1232,shp-331-51,1,1
2186020,331,1,331 Downtown,,0,2232,shp-331-51,1,1
2433090,331,4,331 Downtown,,0,4232,shp-331-51,1,1
1006020,331,1,331 Downtown,,0,3232,shp-331-51,1,1
2462020,331,1,331 Downtown,,0,1232,shp-331-51,1,1
764020,45,1,45 Cordata/WCC,,1,126,shp-45-01,1,1
898020,45,1,45 Cordata/WCC,,1,126,shp-45-01,1,1
1886070,45,2,45 Cordata/WCC,,1,226,shp-45-01,1,1
1363020,45,1,45 Cordata/WCC,,1,226,shp-45-01,1,1
2299090,45,4,45 Cordata/WCC,,1,226,shp-45-01,1,1
764090,45,4,45 Cordata/WCC,,1,126,shp-45-01,1,1
2134020,45,1,45 Cordata/WCC,,1,226,shp-45-01,1,1
202070,45,2,45 Cordata/WCC,,1,226,shp-45-01,1,1
1528070,45,2,45 Cordata/WCC,,1,126,shp-45-01,1,1
818020,45,1,45 Cordata/WCC,,1,226,shp-45-01,1,1
470090,45,4,45 Cordata/WCC,,1,126,shp-45-01,1,1
1885070,45,2,45 Cordata/WCC,,1,226,shp-45-01,1,1
1363090,45,4,45 Cordata/WCC,,1,226,shp-45-01,1,1
218070,45,2,45 Cordata/WCC,,1,126,shp-45-01,1,1
667070,45,2,45 Cordata/WCC,,1,126,shp-45-01,1,1
1881090,45,4,45 Cordata/WCC,,1,126,shp-45-01,1,1
2460020,45,1,45 Cordata/WCC,,1,126,shp-45-01,1,1
1384090,45,4,45 Cordata/WCC,,1,226,shp-45-01,1,1
915020,45,1,45 Cordata/WCC,,1,126,shp-45-01,1,1
1495070,45,2,45 Cordata/WCC,,1,226,shp-45-01,1,1
1801070,45,2,45 Cordata/WCC,,1,126,shp-45-01,1,1
1881020,45,1,45 Cordata/WCC,,1,126,shp-45-01,1,1
1103020,45,1,45 Cordata/WCC,,1,226,shp-45-01,1,1
2299020,45,1,45 Cordata/WCC,,1,226,shp-45-01,1,1
1384020,45,1,45 Cordata/WCC,,1,226,shp-45-01,1,1
2557070,45,2,45 Cordata/WCC,,1,226,shp-45-01,1,1
898090,45,4,45 Cordata/WCC,,1,126,shp-45-01,1,1
470020,45,1,45 Cordata/WCC,,1,126,shp-45-01,1,1
1920070,45,2,45 Cordata/WCC,,1,126,shp-45-01,1,1
2134090,45,4,45 Cordata/WCC,,1,226,shp-45-01,1,1
915090,45,4,45 Cordata/WCC,,1,126,shp-45-01,1,1
1563090,45,4,45 Cordata/WCC,,1,226,shp-45-01,1,1
818090,45,4,45 Cordata/WCC,,1,226,shp-45-01,1,1
1563020,45,1,45 Cordata/WCC,,1,226,shp-45-01,1,1
1103090,45,4,45 Cordata/WCC,,1,226,shp-45-01,1,1
1177070,45,2,45 Cordata/WCC,,1,126,shp-45-01,1,1
1329070,45,2,45 Cordata/WCC,,1,126,shp-45-01,1,1
2460090,45,4,45 Cordata/WCC,,1,126,shp-45-01,1,1
988090,45,4,45 King Mountain,,0,226,shp-45-51,1,1
397090,45,4,45 King Mountain,,0,226,shp-45-51,1,1
1015090,45,4,45 King Mountain,,0,126,shp-45-51,1,1
988020,45,1,45 King Mountain,,0,226,shp-45-51,1,1
1631070,45,2,45 King Mountain,,0,126,shp-45-51,1,1
851070,45,2,45 King Mountain,,0,226,shp-45-51,1,1
2232070,45,2,45 King Mountain,,0,226,shp-45-51,1,1
2585070,45,2,45 King Mountain,,0,126,shp-45-51,1,1
1604070,45,2,45 King Mountain,,0,126,shp-45-51,1,1
2540070,45,2,45 King Mountain,,0,226,shp-45-51,1,1
1049090,45,4,45 King Mountain,,0,126,shp-45-51,1,1
1014020,45,1,45 King Mountain,,0,126,shp-45-51,1,1
983020,45,1,45 King Mountain,,0,226,shp-45-51,1,1
1390070,45,2,45 King Mountain,,0,126,shp-45-51,1,1
507020,45,1,45 King Mountain,,0,226,shp-45-51,1,1
507090,45,4,45 King Mountain,,0,226,shp-45-51,1,1
685020,45,1,45 King Mountain,,0,226,shp-45-51,1,1
1142020,45,1,45 King Mountain,,0,126,shp-45-51,1,1
861090,45,4,45 King Mountain,,0,226,shp-45-51,1,1
2675070,45,2,45 King Mountain,,0,126,shp-45-51,1,1
397020,45,1,45 King Mountain,,0,226,shp-45-51,1,1
1806070,45,2,45 King Mountain,,0,226,shp-45-51,1,1
1142090,45,4,45 King Mountain,,0,126,shp-45-51,1,1
1825020,45,1,45 King Mountain,,0,126,shp-45-51,1,1
983090,45,4,45 King Mountain,,0,226,shp-45-51,1,1
1346090,45,4,45 King Mountain,,0,126,shp-45-51,1,1
546070,45,2,45 King Mountain,,0,126,shp-45-51,1,1
1929090,45,4,45 King Mountain,,0,226,shp-45-51,1,1
1049020,45,1,45 King Mountain,,0,126,shp-45-51,1,1
1014090,45,4,45 King Mountain,,0,126,shp-45-51,1,1
861020,45,1,45 King Mountain,,0,226,shp-45-51,1,1
685090,45,4,45 King Mountain,,0,226,shp-45-51,1,1
1424070,45,2,45 King Mountain,,0,226,shp-45-51,1,1
1929020,45,1,45 King Mountain,,0,226,shp-45-51,1,1
1825090,45,4,45 King Mountain,,0,126,shp-45-51,1,1
1656070,45,2,45 King Mountain,,0,226,shp-45-51,1,1
1015020,45,1,45 King Mountain,,0,126,shp-45-51,1,1
1346020,45,1,45 King Mountain,,0,126,shp-45-51,1,1
313070,45,2,45 King Mountain,,0,126,shp-45-51,1,1
2492010,47,3,47 Downtown,,1,147,shp-47-01,1,1
640010,47,3,47 Downtown,,1,147,shp-47-01,1,1
1832010,47,3,47 Downtown,,1,147,shp-47-01,1,1
2197020,47,1,47 Downtown,,1,147,shp-47-01,1,1
2431070,47,2,47 Downtown,,1,147,shp-47-01,1,1
6020,47,1,47 Downtown,,1,147,shp-47-01,1,1
2197090,47,4,47 Downtown,,1,147,shp-47-01,1,1
1629090,47,4,47 Downtown,,1,147,shp-47-01,1,1
6090,47,4,47 Downtown,,1,147,shp-47-01,1,1
2552010,47,3,47 Downtown,,1,147,shp-47-01,1,1
951020,47,1,47 Downtown,,1,147,shp-47-01,1,1
951090,47,4,47 Downtown,,1,147,shp-47-01,1,1
801090,47,4,47 Downtown,,1,147,shp-47-01,1,1
2409020,47,1,47 Downtown,,1,147,shp-47-01,1,1
2309070,47,2,47 Downtown,,1,147,shp-47-01,1,1
993070,47,2,47 Downtown,,1,147,shp-47-01,1,1
2251070,47,2,47 Downtown,,1,147,shp-47-01,1,1
2220090,47,4,47 Downtown,,1,147,shp-47-01,1,1
455090,47,4,47 Downtown,,1,147,shp-47-01,1,1
97090,47,4,47 Downtown,,1,147,shp-47-01,1,1
1046020,47,1,47 Downtown,,1,147,shp-47-01,1,1
2347020,47,1,47 Downtown,,1,147,shp-47-01,1,1
1111070,47,2,47 Downtown,,1,147,shp-47-01,1,1
97020,47,1,47 Downtown,,1,147,shp-47-01,1,1
1403090,47,4,47 Downtown,,1,147,shp-47-01,1,1
525010,47,3,47 Downtown,,1,147,shp-47-01,1,1
2555010,47,3,47 Downtown,,1,147,shp-47-01,1,1
1348020,47,1,47 Downtown,,1,147,shp-47-01,1,1
2511090,47,4,47 Downtown,,1,147,shp-47-01,1,1
1175070,47,2,47 Downtown,,1,147,shp-47-01,1,1
1109070,47,2,47 Downtown,,1,147,shp-47-01,1,1
989010,47,3,47 Downtown,,1,147,shp-47-01,1,1
2538010,47,3,47 Downtown,,1,147,shp-47-01,1,1
201090,47,4,47 Downtown,,1,147,shp-47-01,1,1
2559090,47,4,47 Downtown,,1,147,shp-47-01,1,1
322070,47,2,47 Downtown,,1,147,shp-47-01,1,1
2234010,47,3,47 Downtown,,1,147,shp-47-01,1,1
132070,47,2,47 Downtown,,1,147,shp-47-01,1,1
1629020,47,1,47 Downtown,,1,147,shp-47-01,1,1
2546070,47,2,47 Downtown,,1,147,shp-47-01,1,1
427010,47,3,47 Downtown,,1,147,shp-47-01,1,1
156070,47,2,47 Downtown,,1,147,shp-47-01,1,1
654010,47,3,47 Downtown,,1,147,shp-47-01,1,1
986010,47,3,47 Downtown,,1,147,shp-47-01,1,1
1100020,47,1,47 Downtown,,1,147,shp-47-01,1,1
1386020,47,1,47 Downtown,,1,147,shp-47-01,1,1
937020,47,1,47 Downtown,,1,147,shp-47-01,1,1
2454010,47,3,47 Downtown,,1,147,shp-47-01,1,1
201020,47,1,47 Downtown,,1,147,shp-47-01,1,1
712020,47,1,47 Downtown,,1,147,shp-47-01,1,1
1416020,47,1,47 Downtown,,1,147,shp-47-01,1,1
1433020,47,1,47 Downtown,,1,147,shp-47-01,1,1
1100090,47,4,47 Downtown,,1,147,shp-47-01,1,1
937090,47,4,47 Downtown,,1,147,shp-47-01,1,1
953010,47,3,47 Downtown,,1,147,shp-47-01,1,1
2347090,47,4,47 Downtown,,1,147,shp-47-01,1,1
806070,47,2,47 Downtown,,1,147,shp-47-01,1,1
852070,47,2,47 Downtown,,1,147,shp-47-01,1,1
2622010,47,3,47 Downtown,,1,147,shp-47-01,1,1
1799070,47,2,47 Downtown,,1,147,shp-47-01,1,1
780070,47,2,47 Downtown,,1,147,shp-47-01,1,1
343020,47,1,47 Downtown,,1,147,shp-47-01,1,1
241020,47,1,47 Downtown,,1,147,shp-47-01,1,1
2220020,47,1,47 Downtown,,1,147,shp-47-01,1,1
343090,47,4,47 Downtown,,1,147,shp-47-01,1,1
2449070,47,2,47 Downtown,,1,147,shp-47-01,1,1
2426090,47,4,47 Downtown,,1,147,shp-47-01,1,1
732090,47,4,47 Downtown,,1,147,shp-47-01,1,1
479010,47,3,47 Downtown,,1,147,shp-47-01,1,1
1626020,47,1,47 Downtown,,1,147,shp-47-01,1,1
2559020,47,1,47 Downtown,,1,147,shp-47-01,1,1
1072070,47,2,47 Downtown,,1,147,shp-47-01,1,1
379010,47,3,47 Downtown,,1,147,shp-47-01,1,1
415070,47,2,47 Downtown,,1,147,shp-47-01,1,1
1403020,47,1,47 Downtown,,1,147,shp-47-01,1,1
789090,47,4,47 Downtown,,1,147,shp-47-01,1,1
312070,47,2,47 Downtown,,1,147,shp-47-01,1,1
2282090,47,4,47 Downtown,,1,147,shp-47-01,1,1
647070,47,2,47 Downtown,,1,147,shp-47-01,1,1
2080070,47,2,47 Downtown,,1,147,shp-47-01,1,1
1321010,47,3,47 Downtown,,1,147,shp-47-01,1,1
1912020,47,1,47 Downtown,,1,147,shp-47-01,1,1
2548020,47,1,47 Downtown,,1,147,shp-47-01,1,1
1046090,47,4,47 Downtown,,1,147,shp-47-01,1,1
1696010,47,3,47 Downtown,,1,147,shp-47-01,1,1
1387020,47,1,47 Downtown,,1,147,shp-47-01,1,1
1912090,47,4,47 Downtown,,1,147,shp-47-01,1,1
2666070,47,2,47 Downtown,,1,147,shp-47-01,1,1
2662070,47,2,47 Downtown,,1,147,shp-47-01,1,1
789020,47,1,47 Downtown,,1,147,shp-47-01,1,1
712090,47,4,47 Downtown,,1,147,shp-47-01,1,1
2409090,47,4,47 Downtown,,1,147,shp-47-01,1,1
1348090,47,4,47 Downtown,,1,147,shp-47-01,1,1
1958010,47,3,47 Downtown,,1,147,shp-47-01,1,1
469070,47,2,47 Downtown,,1,147,shp-47-01,1,1
597070,47,2,47 Downtown,,1,147,shp-47-01,1,1
1626090,47,4,47 Downtown,,1,147,shp-47-01,1,1
2282020,47,1,47 Downtown,,1,147,shp-47-01,1,1
1416090,47,4,47 Downtown,,1,147,shp-47-01,1,1
732020,47,1,47 Downtown,,1,147,shp-47-01,1,1
2070010,47,3,47 Downtown,,1,147,shp-47-01,1,1
455020,47,1,47 Downtown,,1,147,shp-47-01,1,1
2548090,47,4,47 Downtown,,1,147,shp-47-01,1,1
2139070,47,2,47 Downtown,,1,147,shp-47-01,1,1
2426020,47,1,47 Downtown,,1,147,shp-47-01,1,1
1730070,47,2,47 Downtown,,1,147,shp-47-01,1,1
192070,47,2,47 Downtown,,1,147,shp-47-01,1,1
1215010,47,3,47 Downtown,,1,147,shp-47-01,1,1
130010,47,3,47 Downtown,,1,147,shp-47-01,1,1
1493070,47,2,47 Downtown,,1,147,shp-47-01,1,1
1433090,47,4,47 Downtown,,1,147,shp-47-01,1,1
2130010,47,3,47 Downtown,,1,147,shp-47-01,1,1
1386090,47,4,47 Downtown,,1,147,shp-47-01,1,1
2511020,47,1,47 Downtown,,1,147,shp-47-01,1,1
531070,47,2,47 Downtown,,1,147,shp-47-01,1,1
801020,47,1,47 Downtown,,1,147,shp-47-01,1,1
241090,47,4,47 Downtown,,1,147,shp-47-01,1,1
1387090,47,4,47 Downtown,,1,147,shp-47-01,1,1
1183010,47,3,47 Downtown,,1,147,shp-47-01,1,1
604070,47,2,47 Harbor,,0,147,shp-47-51,1,1
2003090,47,4,47 Harbor,,0,147,shp-47-51,1,1
2422010,47,3,47 Harbor,,0,147,shp-47-51,1,1
2483010,47,3,47 Harbor,,0,147,shp-47-51,1,1
1373070,47,2,47 Harbor,,0,147,shp-47-51,1,1
1671010,47,3,47 Harbor,,0,147,shp-47-51,1,1
933010,47,3,47 Harbor,,0,147,shp-47-51,1,1
346070,47,2,47 Harbor,,0,147,shp-47-51,1,1
2074010,47,3,47 Harbor,,0,147,shp-47-51,1,1
1154020,47,1,47 Harbor,,0,147,shp-47-51,1,1
1756090,47,4,47 Harbor,,0,147,shp-47-51,1,1
1516090,47,4,47 Harbor,,0,147,shp-47-51,1,1
2143010,47,3,47 Harbor,,0,147,shp-47-51,1,1
2292090,47,4,47 Harbor,,0,147,shp-47-51,1,1
349020,47,1,47 Harbor,,0,147,shp-47-51,1,1
1678090,47,4,47 Harbor,,0,147,shp-47-51,1,1
2161070,47,2,47 Harbor,,0,147,shp-47-51,1,1
341070,47,2,47 Harbor,,0,147,shp-47-51,1,1
877090,47,4,47 Harbor,,0,147,shp-47-51,1,1
436020,47,1,47 Harbor,,0,147,shp-47-51,1,1
1229070,47,2,47 Harbor,,0,147,shp-47-51,1,1
2602070,47,2,47 Harbor,,0,147,shp-47-51,1,1
1995010,47,3,47 Harbor,,0,147,shp-47-51,1,1
526010,47,3,47 Harbor,,0,147,shp-47-51,1,1
1339070,47,2,47 Harbor,,0,147,shp-47-51,1,1
2459090,47,4,47 Harbor,,0,147,shp-47-51,1,1
273090,47,4,47 Harbor,,0,147,shp-47-51,1,1
877020,47,1,47 Harbor,,0,147,shp-47-51,1,1
2623020,47,1,47 Harbor,,0,147,shp-47-51,1,1
283010,47,3,47 Harbor,,0,147,shp-47-51,1,1
402090,47,4,47 Harbor,,0,147,shp-47-51,1,1
1788090,47,4,47 Harbor,,0,147,shp-47-51,1,1
273020,47,1,47 Harbor,,0,147,shp-47-51,1,1
1235020,47,1,47 Harbor,,0,147,shp-47-51,1,1
1719090,47,4,47 Harbor,,0,147,shp-47-51,1,1
1313010,47,3,47 Harbor,,0,147,shp-47-51,1,1
1737070,47,2,47 Harbor,,0,147,shp-47-51,1,1
1369070,47,2,47 Harbor,,0,147,shp-47-51,1,1
234070,47,2,47 Harbor,,0,147,shp-47-51,1,1
2003020,47,1,47 Harbor,,0,147,shp-47-51,1,1
2191090,47,4,47 Harbor,,0,147,shp-47-51,1,1
1486010,47,3,47 Harbor,,0,147,shp-47-51,1,1
19090,47,4,47 Harbor,,0,147,shp-47-51,1,1
1622070,47,2,47 Harbor,,0,147,shp-47-51,1,1
353010,47,3,47 Harbor,,0,147,shp-47-51,1,1
900090,47,4,47 Harbor,,0,147,shp-47-51,1,1
19020,47,1,47 Harbor,,0,147,shp-47-51,1,1
402020,47,1,47 Harbor,,0,147,shp-47-51,1,1
1766070,47,2,47 Harbor,,0,147,shp-47-51,1,1
2097070,47,2,47 Harbor,,0,147,shp-47-51,1,1
1848070,47,2,47 Harbor,,0,147,shp-47-51,1,1
436090,47,4,47 Harbor,,0,147,shp-47-51,1,1
1091090,47,4,47 Harbor,,0,147,shp-47-51,1,1
2338090,47,4,47 Harbor,,0,147,shp-47-51,1,1
1073090,47,4,47 Harbor,,0,147,shp-47-51,1,1
45070,47,2,47 Harbor,,0,147,shp-47-51,1,1
556070,47,2,47 Harbor,,0,147,shp-47-51,1,1
2191020,47,1,47 Harbor,,0,147,shp-47-51,1,1
2393020,47,1,47 Harbor,,0,147,shp-47-51,1,1
1059070,47,2,47 Harbor,,0,147,shp-47-51,1,1
2313070,47,2,47 Harbor,,0,147,shp-47-51,1,1
1756020,47,1,47 Harbor,,0,147,shp-47-51,1,1
80020,47,1,47 Harbor,,0,147,shp-47-51,1,1
1154090,47,4,47 Harbor,,0,147,shp-47-51,1,1
1516020,47,1,47 Harbor,,0,147,shp-47-51,1,1
328070,47,2,47 Harbor,,0,147,shp-47-51,1,1
1091020,47,1,47 Harbor,,0,147,shp-47-51,1,1
111090,47,4,47 Harbor,,0,147,shp-47-51,1,1
205090,47,4,47 Harbor,,0,147,shp-47-51,1,1
1093010,47,3,47 Harbor,,0,147,shp-47-51,1,1
899020,47,1,47 Harbor,,0,147,shp-47-51,1,1
80090,47,4,47 Harbor,,0,147,shp-47-51,1,1
687070,47,2,47 Harbor,,0,147,shp-47-51,1,1
791020,47,1,47 Harbor,,0,147,shp-47-51,1,1
1831010,47,3,47 Harbor,,0,147,shp-47-51,1,1
2393090,47,4,47 Harbor,,0,147,shp-47-51,1,1
1009070,47,2,47 Harbor,,0,147,shp-47-51,1,1
1840010,47,3,47 Harbor,,0,147,shp-47-51,1,1
2338020,47,1,47 Harbor,,0,147,shp-47-51,1,1
1678020,47,1,47 Harbor,,0,147,shp-47-51,1,1
1073020,47,1,47 Harbor,,0,147,shp-47-51,1,1
1925010,47,3,47 Harbor,,0,147,shp-47-51,1,1
899090,47,4,47 Harbor,,0,147,shp-47-51,1,1
1000070,47,2,47 Harbor,,0,147,shp-47-51,1,1
1279010,47,3,47 Harbor,,0,147,shp-47-51,1,1
216070,47,2,47 Harbor,,0,147,shp-47-51,1,1
1344090,47,4,47 Harbor,,0,147,shp-47-51,1,1
404070,47,2,47 Harbor,,0,147,shp-47-51,1,1
593010,47,3,47 Harbor,,0,147,shp-47-51,1,1
432020,47,1,47 Harbor,,0,147,shp-47-51,1,1
2459020,47,1,47 Harbor,,0,147,shp-47-51,1,1
2292020,47,1,47 Harbor,,0,147,shp-47-51,1,1
205020,47,1,47 Harbor,,0,147,shp-47-51,1,1
1719020,47,1,47 Harbor,,0,147,shp-47-51,1,1
1243010,47,3,47 Harbor,,0,147,shp-47-51,1,1
276070,47,2,47 Harbor,,0,147,shp-47-51,1,1
791090,47,4,47 Harbor,,0,147,shp-47-51,1,1
111020,47,1,47 Harbor,,0,147,shp-47-51,1,1
1684010,47,3,47 Harbor,,0,147,shp-47-51,1,1
900020,47,1,47 Harbor,,0,147,shp-47-51,1,1
682070,47,2,47 Harbor,,0,147,shp-47-51,1,1
245010,47,3,47 Harbor,,0,147,shp-47-51,1,1
677010,47,3,47 Harbor,,0,147,shp-47-51,1,1
2325070,47,2,47 Harbor,,0,147,shp-47-51,1,1
1480010,47,3,47 Harbor,,0,147,shp-47-51,1,1
600020,47,1,47 Harbor,,0,147,shp-47-51,1,1
2160010,47,3,47 Harbor,,0,147,shp-47-51,1,1
541020,47,1,47 Harbor,,0,147,shp-47-51,1,1
1235090,47,4,47 Harbor,,0,147,shp-47-51,1,1
910070,47,2,47 Harbor,,0,147,shp-47-51,1,1
1759070,47,2,47 Harbor,,0,147,shp-47-51,1,1
2623090,47,4,47 Harbor,,0,147,shp-47-51,1,1
1344020,47,1,47 Harbor,,0,147,shp-47-51,1,1
600090,47,4,47 Harbor,,0,147,shp-47-51,1,1
541090,47,4,47 Harbor,,0,147,shp-47-51,1,1
1788020,47,1,47 Harbor,,0,147,shp-47-51,1,1
2611010,47,3,47 Harbor,,0,147,shp-47-51,1,1
432090,47,4,47 Harbor,,0,147,shp-47-51,1,1
349090,47,4,47 Harbor,,0,147,shp-47-51,1,1
857020,48,1,48 Bakerview Spur,,1,371X,shp-48-01,1,1
1281090,48,4,48 Bakerview Spur,,1,271X,shp-48-01,1,1
2419020,48,1,48 Bakerview Spur,,1,471X,shp-48-01,1,1
1488020,48,1,48 Bakerview Spur,,1,171X,shp-48-01,1,1
1281020,48,1,48 Bakerview Spur,,1,271X,shp-48-01,1,1
227020,48,1,48 Bakerview Spur,,1,571X,shp-48-01,1,1
1303070,48,2,48 Bakerview Spur,,1,271X,shp-48-01,1,1
2481070,48,2,48 Bakerview Spur,,1,371X,shp-48-01,1,1
1488090,48,4,48 Bakerview Spur,,1,171X,shp-48-01,1,1
857090,48,4,48 Bakerview Spur,,1,371X,shp-48-01,1,1
2419090,48,4,48 Bakerview Spur,,1,471X,shp-48-01,1,1
1791070,48,2,48 Bakerview Spur,,1,171X,shp-48-01,1,1
227090,48,4,48 Bakerview Spur,,1,571X,shp-48-01,1,1
1910090,48,4,48 Cordata/WCC,,0,471X,shp-48-51,1,1
1200090,48,4,48 Cordata/WCC,,0,371X,shp-48-51,1,1
1200020,48,1,48 Cordata/WCC,,0,371X,shp-48-51,1,1
2253090,48,4,48 Cordata/WCC,,0,271X,shp-48-51,1,1
2253020,48,1,48 Cordata/WCC,,0,271X,shp-48-51,1,1
2336070,48,2,48 Cordata/WCC,,0,271X,shp-48-51,1,1
1483070,48,2,48 Cordata/WCC,,0,371X,shp-48-51,1,1
1910020,48,1,48 Cordata/WCC,,0,471X,shp-48-51,1,1
509020,49,1,49 Bakerview Spur,,1,475,shp-49-01,1,1
1566090,49,4,49 Bakerview Spur,,1,4331,shp-49-01,1,1
2660070,49,2,49 Bakerview Spur,,1,372X,shp-49-01,1,1
924090,49,4,49 Bakerview Spur,,1,372X,shp-49-01,1,1
386020,49,1,49 Bakerview Spur,,1,172X,shp-49-01,1,1
386090,49,4,49 Bakerview Spur,,1,172X,shp-49-01,1,1
1566020,49,1,49 Bakerview Spur,,1,4331,shp-49-01,1,1
509090,49,4,49 Bakerview Spur,,1,475,shp-49-01,1,1
297020,49,1,49 Bakerview Spur,,1,275,shp-49-01,1,1
2241020,49,1,49 Bakerview Spur,,1,675,shp-49-01,1,1
2004070,49,2,49 Bakerview Spur,,1,272X,shp-49-01,1,1
297090,49,4,49 Bakerview Spur,,1,275,shp-49-01,1,1
2241090,49,4,49 Bakerview Spur,,1,675,shp-49-01,1,1
924020,49,1,49 Bakerview Spur,,1,372X,shp-49-01,1,1
1593070,49,2,49 Bakerview Spur,,1,172X,shp-49-01,1,1
1872070,49,2,49 Downtown,,0,272X,shp-49-51,1,1
2189070,49,2,49 Downtown,,0,372X,shp-49-51,1,1
1231020,49,1,49 Downtown,,0,1275,shp-49-51,1,1
145090,49,4,49 Downtown,,0,1375,shp-49-51,1,1
1578090,49,4,49 Downtown,,0,472X,shp-49-51,1,1
145020,49,1,49 Downtown,,0,1375,shp-49-51,1,1
109090,49,4,49 Downtown,,0,1175,shp-49-51,1,1
1578020,49,1,49 Downtown,,0,472X,shp-49-51,1,1
2175070,49,2,49 Downtown,,0,472X,shp-49-51,1,1
1231090,49,4,49 Downtown,,0,1275,shp-49-51,1,1
1487090,49,4,49 Downtown,,0,975,shp-49-51,1,1
1487020,49,1,49 Downtown,,0,975,shp-49-51,1,1
109020,49,1,49 Downtown,,0,1175,shp-49-51,1,1
1786020,5,1,5 Samish/Downtown,,1,35,shp-5-01,1,1
1439010,5,3,5 Samish/Downtown,,1,15,shp-5-01,1,1
158070,5,2,5 Samish/Downtown,,1,25,shp-5-01,1,1
510010,5,3,5 Samish/Downtown,,1,15,shp-5-01,1,1
1590070,5,2,5 Samish/Downtown,,1,35,shp-5-01,1,1
2364090,5,4,5 Samish/Downtown,,1,45,shp-5-01,1,1
2044010,5,3,5 Samish/Downtown,,1,15,shp-5-01,1,1
2590010,5,3,5 Samish/Downtown,,1,15,shp-5-01,1,1
1410090,5,4,5 Samish/Downtown,,1,15,shp-5-01,1,1
1786090,5,4,5 Samish/Downtown,,1,35,shp-5-01,1,1
2477010,5,3,5 Samish/Downtown,,1,15,shp-5-01,1,1
1666020,5,1,5 Samish/Downtown,,1,45,shp-5-01,1,1
1951070,5,2,5 Samish/Downtown,,1,45,shp-5-01,1,1
2563010,5,3,5 Samish/Downtown,,1,15,shp-5-01,1,1
452010,5,3,5 Samish/Downtown,,1,15,shp-5-01,1,1
1667020,5,1,5 Samish/Downtown,,1,25,shp-5-01,1,1
1600090,5,4,5 Samish/Downtown,,1,35,shp-5-01,1,1
796010,5,3,5 Samish/Downtown,,1,15,shp-5-01,1,1
1600020,5,1,5 Samish/Downtown,,1,35,shp-5-01,1,1
2173020,5,1,5 Samish/Downtown,,1,15,shp-5-01,1,1
1611070,5,2,5 Samish/Downtown,,1,15,shp-5-01,1,1
614070,5,2,5 Samish/Downtown,,1,15,shp-5-01,1,1
2561010,5,3,5 Samish/Downtown,,1,15,shp-5-01,1,1
693070,5,2,5 Samish/Downtown,,1,35,shp-5-01,1,1
1703020,5,1,5 Samish/Downtown,,1,45,shp-5-01,1,1
1770010,5,3,5 Samish/Downtown,,1,15,shp-5-01,1,1
2090070,5,2,5 Samish/Downtown,,1,45,shp-5-01,1,1
2173090,5,4,5 Samish/Downtown,,1,15,shp-5-01,1,1
881090,5,4,5 Samish/Downtown,,1,35,shp-5-01,1,1
2575020,5,1,5 Samish/Downtown,,1,35,shp-5-01,1,1
1184010,5,3,5 Samish/Downtown,,1,15,shp-5-01,1,1
2040070,5,2,5 Samish/Downtown,,1,45,shp-5-01,1,1
630020,5,1,5 Samish/Downtown,,1,15,shp-5-01,1,1
881020,5,1,5 Samish/Downtown,,1,35,shp-5-01,1,1
1410020,5,1,5 Samish/Downtown,,1,15,shp-5-01,1,1
2565020,5,1,5 Samish/Downtown,,1,25,shp-5-01,1,1
2009070,5,2,5 Samish/Downtown,,1,45,shp-5-01,1,1
1265070,5,2,5 Samish/Downtown,,1,15,shp-5-01,1,1
478090,5,4,5 Samish/Downtown,,1,25,shp-5-01,1,1
2370020,5,1,5 Samish/Downtown,,1,45,shp-5-01,1,1
1703090,5,4,5 Samish/Downtown,,1,45,shp-5-01,1,1
2364020,5,1,5 Samish/Downtown,,1,45,shp-5-01,1,1
2565090,5,4,5 Samish/Downtown,,1,25,shp-5-01,1,1
1536070,5,2,5 Samish/Downtown,,1,35,shp-5-01,1,1
2575090,5,4,5 Samish/Downtown,,1,35,shp-5-01,1,1
1353070,5,2,5 Samish/Downtown,,1,25,shp-5-01,1,1
1667090,5,4,5 Samish/Downtown,,1,25,shp-5-01,1,1
1666090,5,4,5 Samish/Downtown,,1,45,shp-5-01,1,1
478020,5,1,5 Samish/Downtown,,1,25,shp-5-01,1,1
7010,5,3,5 Samish/Downtown,,1,15,shp-5-01,1,1
2370090,5,4,5 Samish/Downtown,,1,45,shp-5-01,1,1
2607070,5,2,5 Samish/Downtown,,1,35,shp-5-01,1,1
630090,5,4,5 Samish/Downtown,,1,15,shp-5-01,1,1
1460090,5,4,5 Samish/Fairhaven,,0,35,shp-5-51,1,1
705020,5,1,5 Samish/Fairhaven,,0,25,shp-5-51,1,1
2490090,5,4,5 Samish/Fairhaven,,0,35,shp-5-51,1,1
2166020,5,1,5 Samish/Fairhaven,,0,15,shp-5-51,1,1
2221070,5,2,5 Samish/Fairhaven,,0,45,shp-5-51,1,1
1755010,5,3,5 Samish/Fairhaven,,0,15,shp-5-51,1,1
1499070,5,2,5 Samish/Fairhaven,,0,25,shp-5-51,1,1
962010,5,3,5 Samish/Fairhaven,,0,15,shp-5-51,1,1
263010,5,3,5 Samish/Fairhaven,,0,15,shp-5-51,1,1
1638070,5,2,5 Samish/Fairhaven,,0,45,shp-5-51,1,1
120090,5,4,5 Samish/Fairhaven,,0,45,shp-5-51,1,1
1647020,5,1,5 Samish/Fairhaven,,0,25,shp-5-51,1,1
81020,5,1,5 Samish/Fairhaven,,0,35,shp-5-51,1,1
124010,5,3,5 Samish/Fairhaven,,0,15,shp-5-51,1,1
1460020,5,1,5 Samish/Fairhaven,,0,35,shp-5-51,1,1
2257070,5,2,5 Samish/Fairhaven,,0,35,shp-5-51,1,1
2577010,5,3,5 Samish/Fairhaven,,0,15,shp-5-51,1,1
2490020,5,1,5 Samish/Fairhaven,,0,35,shp-5-51,1,1
81090,5,4,5 Samish/Fairhaven,,0,35,shp-5-51,1,1
1084010,5,3,5 Samish/Fairhaven,,0,15,shp-5-51,1,1
284090,5,4,5 Samish/Fairhaven,,0,25,shp-5-51,1,1
705090,5,4,5 Samish/Fairhaven,,0,25,shp-5-51,1,1
1156090,5,4,5 Samish/Fairhaven,,0,15,shp-5-51,1,1
1927020,5,1,5 Samish/Fairhaven,,0,45,shp-5-51,1,1
1647090,5,4,5 Samish/Fairhaven,,0,25,shp-5-51,1,1
870010,5,3,5 Samish/Fairhaven,,0,15,shp-5-51,1,1
120020,5,1,5 Samish/Fairhaven,,0,45,shp-5-51,1,1
1695090,5,4,5 Samish/Fairhaven,,0,45,shp-5-51,1,1
1130010,5,3,5 Samish/Fairhaven,,0,15,shp-5-51,1,1
1950010,5,3,5 Samish/Fairhaven,,0,15,shp-5-51,1,1
284020,5,1,5 Samish/Fairhaven,,0,25,shp-5-51,1,1
2469070,5,2,5 Samish/Fairhaven,,0,15,shp-5-51,1,1
1261090,5,4,5 Samish/Fairhaven,,0,15,shp-5-51,1,1
1948070,5,2,5 Samish/Fairhaven,,0,35,shp-5-51,1,1
2363070,5,2,5 Samish/Fairhaven,,0,45,shp-5-51,1,1
680070,5,2,5 Samish/Fairhaven,,0,15,shp-5-51,1,1
1156020,5,1,5 Samish/Fairhaven,,0,15,shp-5-51,1,1
2166090,5,4,5 Samish/Fairhaven,,0,15,shp-5-51,1,1
980070,5,2,5 Samish/Fairhaven,,0,35,shp-5-51,1,1
1774090,5,4,5 Samish/Fairhaven,,0,45,shp-5-51,1,1
1533070,5,2,5 Samish/Fairhaven,,0,45,shp-5-51,1,1
2647010,5,3,5 Samish/Fairhaven,,0,15,shp-5-51,1,1
914010,5,3,5 Samish/Fairhaven,,0,15,shp-5-51,1,1
1261020,5,1,5 Samish/Fairhaven,,0,15,shp-5-51,1,1
2498020,5,1,5 Samish/Fairhaven,,0,35,shp-5-51,1,1
2621070,5,2,5 Samish/Fairhaven,,0,35,shp-5-51,1,1
1774020,5,1,5 Samish/Fairhaven,,0,45,shp-5-51,1,1
1784010,5,3,5 Samish/Fairhaven,,0,15,shp-5-51,1,1
2455070,5,2,5 Samish/Fairhaven,,0,15,shp-5-51,1,1
2129070,5,2,5 Samish/Fairhaven,,0,25,shp-5-51,1,1
1927090,5,4,5 Samish/Fairhaven,,0,45,shp-5-51,1,1
1695020,5,1,5 Samish/Fairhaven,,0,45,shp-5-51,1,1
2498090,5,4,5 Samish/Fairhaven,,0,35,shp-5-51,1,1
987020,50,1,50 Cordata/WCC,,1,218,shp-50-01,1,1
858070,50,2,50 Cordata/WCC,,1,218,shp-50-01,1,1
1268070,50,2,50 Cordata/WCC,,1,118,shp-50-01,1,1
1745090,50,4,50 Cordata/WCC,,1,218,shp-50-01,1,1
579090,50,4,50 Cordata/WCC,,1,218,shp-50-01,1,1
247020,50,1,50 Cordata/WCC,,1,218,shp-50-01,1,1
123010,50,3,50 Cordata/WCC,,1,218,shp-50-01,1,1
1550020,50,1,50 Cordata/WCC,,1,118,shp-50-01,1,1
342010,50,3,50 Cordata/WCC,,1,218,shp-50-01,1,1
1584020,50,1,50 Cordata/WCC,,1,118,shp-50-01,1,1
2414010,50,3,50 Cordata/WCC,,1,118,shp-50-01,1,1
1262070,50,2,50 Cordata/WCC,,1,218,shp-50-01,1,1
2316070,50,2,50 Cordata/WCC,,1,118,shp-50-01,1,1
2417070,50,2,50 Cordata/WCC,,1,118,shp-50-01,1,1
1634090,50,4,50 Cordata/WCC,,1,118,shp-50-01,1,1
2614090,50,4,50 Cordata/WCC,,1,118,shp-50-01,1,1
2613010,50,3,50 Cordata/WCC,,1,118,shp-50-01,1,1
1953020,50,1,50 Cordata/WCC,,1,218,shp-50-01,1,1
1627070,50,2,50 Cordata/WCC,,1,118,shp-50-01,1,1
1550090,50,4,50 Cordata/WCC,,1,118,shp-50-01,1,1
987090,50,4,50 Cordata/WCC,,1,218,shp-50-01,1,1
2614020,50,1,50 Cordata/WCC,,1,118,shp-50-01,1,1
1634020,50,1,50 Cordata/WCC,,1,118,shp-50-01,1,1
20070,50,2,50 Cordata/WCC,,1,218,shp-50-01,1,1
777090,50,4,50 Cordata/WCC,,1,118,shp-50-01,1,1
1809020,50,1,50 Cordata/WCC,,1,218,shp-50-01,1,1
1767010,50,3,50 Cordata/WCC,,1,118,shp-50-01,1,1
1005010,50,3,50 Cordata/WCC,,1,218,shp-50-01,1,1
579020,50,1,50 Cordata/WCC,,1,218,shp-50-01,1,1
1513010,50,3,50 Cordata/WCC,,1,218,shp-50-01,1,1
2106010,50,3,50 Cordata/WCC,,1,118,shp-50-01,1,1
1038090,50,4,50 Cordata/WCC,,1,218,shp-50-01,1,1
1953090,50,4,50 Cordata/WCC,,1,218,shp-50-01,1,1
1038020,50,1,50 Cordata/WCC,,1,218,shp-50-01,1,1
1432070,50,2,50 Cordata/WCC,,1,218,shp-50-01,1,1
777020,50,1,50 Cordata/WCC,,1,118,shp-50-01,1,1
2645020,50,1,50 Cordata/WCC,,1,118,shp-50-01,1,1
2645090,50,4,50 Cordata/WCC,,1,118,shp-50-01,1,1
2289090,50,4,50 Cordata/WCC,,1,118,shp-50-01,1,1
2371070,50,2,50 Cordata/WCC,,1,118,shp-50-01,1,1
952070,50,2,50 Cordata/WCC,,1,118,shp-50-01,1,1
1809090,50,4,50 Cordata/WCC,,1,218,shp-50-01,1,1
363070,50,2,50 Cordata/WCC,,1,218,shp-50-01,1,1
247090,50,4,50 Cordata/WCC,,1,218,shp-50-01,1,1
1102010,50,3,50 Cordata/WCC,,1,118,shp-50-01,1,1
1584090,50,4,50 Cordata/WCC,,1,118,shp-50-01,1,1
2289020,50,1,50 Cordata/WCC,,1,118,shp-50-01,1,1
1254010,50,3,50 Cordata/WCC,,1,218,shp-50-01,1,1
1745020,50,1,50 Cordata/WCC,,1,218,shp-50-01,1,1
2049020,50,1,50 Lummi Nation,,0,218,shp-50-51,1,1
1534090,50,4,50 Lummi Nation,,0,118,shp-50-51,1,1
576070,50,2,50 Lummi Nation,,0,218,shp-50-51,1,1
1982090,50,4,50 Lummi Nation,,0,118,shp-50-51,1,1
180020,50,1,50 Lummi Nation,,0,218,shp-50-51,1,1
354070,50,2,50 Lummi Nation,,0,118,shp-50-51,1,1
2075020,50,1,50 Lummi Nation,,0,118,shp-50-51,1,1
1975090,50,4,50 Lummi Nation,,0,218,shp-50-51,1,1
1916090,50,4,50 Lummi Nation,,0,118,shp-50-51,1,1
843070,50,2,50 Lummi Nation,,0,218,shp-50-51,1,1
2237020,50,1,50 Lummi Nation,,0,118,shp-50-51,1,1
84090,50,4,50 Lummi Nation,,0,218,shp-50-51,1,1
1482090,50,4,50 Lummi Nation,,0,218,shp-50-51,1,1
1946020,50,1,50 Lummi Nation,,0,118,shp-50-51,1,1
167010,50,3,50 Lummi Nation,,0,218,shp-50-51,1,1
1534020,50,1,50 Lummi Nation,,0,118,shp-50-51,1,1
1482020,50,1,50 Lummi Nation,,0,218,shp-50-51,1,1
2188070,50,2,50 Lummi Nation,,0,118,shp-50-51,1,1
624090,50,4,50 Lummi Nation,,0,218,shp-50-51,1,1
2237090,50,4,50 Lummi Nation,,0,118,shp-50-51,1,1
84020,50,1,50 Lummi Nation,,0,218,shp-50-51,1,1
708010,50,3,50 Lummi Nation,,0,118,shp-50-51,1,1
2285070,50,2,50 Lummi Nation,,0,118,shp-50-51,1,1
2190070,50,2,50 Lummi Nation,,0,218,shp-50-51,1,1
1517090,50,4,50 Lummi Nation,,0,118,shp-50-51,1,1
1794070,50,2,50 Lummi Nation,,0,118,shp-50-51,1,1
146070,50,2,50 Lummi Nation,,0,118,shp-50-51,1,1
2012010,50,3,50 Lummi Nation,,0,118,shp-50-51,1,1
1916020,50,1,50 Lummi Nation,,0,118,shp-50-51,1,1
2574070,50,2,50 Lummi Nation,,0,118,shp-50-51,1,1
2075090,50,4,50 Lummi Nation,,0,118,shp-50-51,1,1
632070,50,2,50 Lummi Nation,,0,218,shp-50-51,1,1
624020,50,1,50 Lummi Nation,,0,218,shp-50-51,1,1
1982020,50,1,50 Lummi Nation,,0,118,shp-50-51,1,1
1781010,50,3,50 Lummi Nation,,0,218,shp-50-51,1,1
1444010,50,3,50 Lummi Nation,,0,218,shp-50-51,1,1
1859010,50,3,50 Lummi Nation,,0,218,shp-50-51,1,1
1946090,50,4,50 Lummi Nation,,0,118,shp-50-51,1,1
848010,50,3,50 Lummi Nation,,0,118,shp-50-51,1,1
1081010,50,3,50 Lummi Nation,,0,218,shp-50-51,1,1
1170070,50,2,50 Lummi Nation,,0,218,shp-50-51,1,1
2049090,50,4,50 Lummi Nation,,0,218,shp-50-51,1,1
1517020,50,1,50 Lummi Nation,,0,118,shp-50-51,1,1
1922020,50,1,50 Lummi Nation,,0,218,shp-50-51,1,1
1922090,50,4,50 Lummi Nation,,0,218,shp-50-51,1,1
180090,50,4,50 Lummi Nation,,0,218,shp-50-51,1,1
1975020,50,1,50 Lummi Nation,,0,218,shp-50-51,1,1
1591010,50,3,50 Lummi Nation,,0,118,shp-50-51,1,1
762010,50,3,50 Lummi Nation,,0,118,shp-50-51,1,1
981020,512,1,512 Downtown,,1,1512,shp-512-01,1,1
472020,512,1,512 Downtown,,1,1512,shp-512-02,1,1
1697070,512,2,512 Downtown,,1,1512,shp-512-02,1,1
1739090,512,4,512 Downtown,,1,1512,shp-512-02,1,1
1683090,512,4,512 Downtown,,1,1512,shp-512-02,1,1
1683020,512,1,512 Downtown,,1,1512,shp-512-02,1,1
2035070,512,2,512 Downtown,,1,1512,shp-512-02,1,1
390010,512,3,512 Downtown,,1,1512,shp-512-02,1,1
981090,512,4,512 Downtown,,1,1512,shp-512-01,1,1
2506090,512,4,512 Downtown,,1,1512,shp-512-02,1,1
1267010,512,3,512 Downtown,,1,1512,shp-512-02,1,1
1383010,512,3,512 Downtown,,1,1512,shp-512-02,1,1
778090,512,4,512 Downtown,,1,1512,shp-512-02,1,1
831020,512,1,512 Downtown,,1,1512,shp-512-02,1,1
1739020,512,1,512 Downtown,,1,1512,shp-512-02,1,1
1749090,512,4,512 Downtown,,1,1512,shp-512-02,1,1
472090,512,4,512 Downtown,,1,1512,shp-512-02,1,1
873070,512,2,512 Downtown,,1,1512,shp-512-02,1,1
1212070,512,2,512 Downtown,,1,1512,shp-512-02,1,1
1146010,512,3,512 Downtown,,1,1512,shp-512-02,1,1
2050070,512,2,512 Downtown,,1,1512,shp-512-02,1,1
1375090,512,4,512 Downtown,,1,1512,shp-512-02,1,1
1273090,512,4,512 Downtown,,1,1512,shp-512-02,1,1
2619010,512,3,512 Downtown,,1,1512,shp-512-02,1,1
1375020,512,1,512 Downtown,,1,1512,shp-512-02,1,1
2290010,512,3,512 Downtown,,1,1512,shp-512-02,1,1
1873090,512,4,512 Downtown,,1,1512,shp-512-02,1,1
607070,512,2,512 Downtown,,1,1512,shp-512-02,1,1
1723010,512,3,512 Downtown,,1,1512,shp-512-02,1,1
1358070,512,2,512 Downtown,,1,1512,shp-512-02,1,1
301010,512,3,512 Downtown,,1,1512,shp-512-02,1,1
228090,512,4,512 Downtown,,1,1512,shp-512-02,1,1
1888020,512,1,512 Downtown,,1,1512,shp-512-02,1,1
461090,512,4,512 Downtown,,1,1512,shp-512-02,1,1
1538020,512,1,512 Downtown,,1,1512,shp-512-02,1,1
959070,512,2,512 Downtown,,1,1512,shp-512-02,1,1
1559070,512,2,512 Downtown,,1,1512,shp-512-01,1,1
2150090,512,4,512 Downtown,,1,1512,shp-512-02,1,1
1846010,512,3,512 Downtown,,1,1512,shp-512-02,1,1
2150020,512,1,512 Downtown,,1,1512,shp-512-02,1,1
778020,512,1,512 Downtown,,1,1512,shp-512-02,1,1
1873020,512,1,512 Downtown,,1,1512,shp-512-02,1,1
966070,512,2,512 Downtown,,1,1512,shp-512-02,1,1
1888090,512,4,512 Downtown,,1,1512,shp-512-02,1,1
2506020,512,1,512 Downtown,,1,1512,shp-512-02,1,1
228020,512,1,512 Downtown,,1,1512,shp-512-02,1,1
1538090,512,4,512 Downtown,,1,1512,shp-512-02,1,1
574070,512,2,512 Downtown,,1,1512,shp-512-02,1,1
444010,512,3,512 Downtown,,1,1512,shp-512-02,1,1
831090,512,4,512 Downtown,,1,1512,shp-512-02,1,1
461020,512,1,512 Downtown,,1,1512,shp-512-02,1,1
1909070,512,2,512 Downtown,,1,1512,shp-512-02,1,1
1055010,512,3,512 Downtown,,1,1512,shp-512-02,1,1
1377010,512,3,512 Downtown,,1,1512,shp-512-02,1,1
107070,512,2,512 Downtown,,1,1512,shp-512-02,1,1
1273020,512,1,512 Downtown,,1,1512,shp-512-02,1,1
1405070,512,2,512 Downtown,,1,1512,shp-512-02,1,1
1749020,512,1,512 Downtown,,1,1512,shp-512-02,1,1
2194070,512,2,512 Downtown,,1,1512,shp-512-02,1,1
1325010,512,3,512 Downtown,,1,1512,shp-512-02,1,1
317020,512,1,512 Lakeway,,0,1512,shp-512-51,1,1
317090,512,4,512 Lakeway,,0,1512,shp-512-51,1,1
309070,512,2,512 Lakeway,,0,1512,shp-512-51,1,1
1880010,512,3,512 Sudden Valley,,0,1512,shp-512-52,1,1
1222020,512,1,512 Sudden Valley,,0,1512,shp-512-52,1,1
1222090,512,4,512 Sudden Valley,,0,1512,shp-512-52,1,1
2535010,512,3,512 Sudden Valley,,0,1512,shp-512-53,1,1
430020,512,1,512 Sudden Valley,,0,1512,shp-512-52,1,1
398090,512,4,512 Sudden Valley,,0,1512,shp-512-52,1,1
1930090,512,4,512 Sudden Valley,,0,1512,shp-512-52,1,1
1319070,512,2,512 Sudden Valley,,0,1512,shp-512-52,1,1
905090,512,4,512 Sudden Valley,,0,1512,shp-512-52,1,1
1141070,512,2,512 Sudden Valley,,0,1512,shp-512-52,1,1
1465070,512,2,512 Sudden Valley,,0,1512,shp-512-52,1,1
957010,512,3,512 Sudden Valley,,0,1512,shp-512-52,1,1
475090,512,4,512 Sudden Valley,,0,1512,shp-512-52,1,1
934070,512,2,512 Sudden Valley,,0,1512,shp-512-52,1,1
270020,512,1,512 Sudden Valley,,0,1512,shp-512-52,1,1
832020,512,1,512 Sudden Valley,,0,1512,shp-512-52,1,1
143070,512,2,512 Sudden Valley,,0,1512,shp-512-52,1,1
1998020,512,1,512 Sudden Valley,,0,1512,shp-512-52,1,1
2352020,512,1,512 Sudden Valley,,0,1512,shp-512-52,1,1
199070,512,2,512 Sudden Valley,,0,1512,shp-512-52,1,1
1024090,512,4,512 Sudden Valley,,0,1512,shp-512-52,1,1
905020,512,1,512 Sudden Valley,,0,1512,shp-512-52,1,1
1798090,512,4,512 Sudden Valley,,0,1512,shp-512-52,1,1
2141070,512,2,512 Sudden Valley,,0,1512,shp-512-52,1,1
2230090,512,4,512 Sudden Valley,,0,1512,shp-512-52,1,1
1998090,512,4,512 Sudden Valley,,0,1512,shp-512-52,1,1
135070,512,2,512 Sudden Valley,,0,1512,shp-512-53,1,1
1489010,512,3,512 Sudden Valley,,0,1512,shp-512-52,1,1
373020,512,1,512 Sudden Valley,,0,1512,shp-512-52,1,1
2230020,512,1,512 Sudden Valley,,0,1512,shp-512-52,1,1
2513020,512,1,512 Sudden Valley,,0,1512,shp-512-52,1,1
373090,512,4,512 Sudden Valley,,0,1512,shp-512-52,1,1
2513090,512,4,512 Sudden Valley,,0,1512,shp-512-52,1,1
1421070,512,2,512 Sudden Valley,,0,1512,shp-512-52,1,1
583010,512,3,512 Sudden Valley,,0,1512,shp-512-52,1,1
1024020,512,1,512 Sudden Valley,,0,1512,shp-512-52,1,1
270090,512,4,512 Sudden Valley,,0,1512,shp-512-52,1,1
1002010,512,3,512 Sudden Valley,,0,1512,shp-512-52,1,1
252070,512,2,512 Sudden Valley,,0,1512,shp-512-52,1,1
475020,512,1,512 Sudden Valley,,0,1512,shp-512-52,1,1
430090,512,4,512 Sudden Valley,,0,1512,shp-512-52,1,1
649010,512,3,512 Sudden Valley,,0,1512,shp-512-52,1,1
728010,512,3,512 Sudden Valley,,0,1512,shp-512-52,1,1
1930020,512,1,512 Sudden Valley,,0,1512,shp-512-52,1,1
398020,512,1,512 Sudden Valley,,0,1512,shp-512-52,1,1
2267010,512,3,512 Sudden Valley,,0,1512,shp-512-52,1,1
2295070,512,2,512 Sudden Valley,,0,1512,shp-512-52,1,1
832090,512,4,512 Sudden Valley,,0,1512,shp-512-52,1,1
41070,512,2,512 Sudden Valley,,0,1512,shp-512-52,1,1
744070,512,2,512 Sudden Valley,,0,1512,shp-512-52,1,1
2352090,512,4,512 Sudden Valley,,0,1512,shp-512-52,1,1
302010,512,3,512 Sudden Valley,,0,1512,shp-512-52,1,1
1121010,512,3,512 Sudden Valley,,0,1512,shp-512-52,1,1
928010,512,3,512 Sudden Valley,,0,1512,shp-512-52,1,1
1798020,512,1,512 Sudden Valley,,0,1512,shp-512-52,1,1
1147010,512,3,512 Sudden Valley,,0,1512,shp-512-52,1,1
2087070,512,2,512 Sudden Valley,,0,1512,shp-512-52,1,1
1086070,525,2,525 Barkley,,1,1525,shp-525-51,1,1
963020,525,1,525 Barkley,,1,1525,shp-525-51,1,1
22020,525,1,525 Barkley,,1,1525,shp-525-51,1,1
2212070,525,2,525 Barkley,,1,1525,shp-525-51,1,1
700010,525,3,525 Barkley,,1,1525,shp-525-51,1,1
517020,525,1,525 Barkley,,1,1525,shp-525-51,1,1
1985020,525,1,525 Barkley,,1,1525,shp-525-51,1,1
522010,525,3,525 Barkley,,1,1525,shp-525-51,1,1
517090,525,4,525 Barkley,,1,1525,shp-525-51,1,1
2386020,525,1,525 Barkley,,1,1525,shp-525-51,1,1
963090,525,4,525 Barkley,,1,1525,shp-525-51,1,1
2386090,525,4,525 Barkley,,1,1525,shp-525-51,1,1
337070,525,2,525 Barkley,,1,1525,shp-525-51,1,1
2124070,525,2,525 Barkley,,1,1525,shp-525-51,1,1
2252010,525,3,525 Barkley,,1,1525,shp-525-51,1,1
22090,525,4,525 Barkley,,1,1525,shp-525-51,1,1
1643070,525,2,525 Barkley,,1,1525,shp-525-51,1,1
1221090,525,4,525 Barkley,,1,672X,shp-525-51,1,1
795010,525,3,525 Barkley,,1,1525,shp-525-51,1,1
1420010,525,3,525 Barkley,,1,1525,shp-525-51,1,1
1165070,525,2,525 Barkley,,1,1525,shp-525-51,1,1
226010,525,3,525 Barkley,,1,1525,shp-525-51,1,1
737020,525,1,525 Barkley,,1,1525,shp-525-51,1,1
5090,525,4,525 Barkley,,1,1525,shp-525-51,1,1
2596090,525,4,525 Barkley,,1,1525,shp-525-51,1,1
1221020,525,1,525 Barkley,,1,672X,shp-525-51,1,1
1058070,525,2,525 Barkley,,1,1525,shp-525-51,1,1
755090,525,4,525 Barkley,,1,1525,shp-525-51,1,1
2359020,525,1,525 Barkley,,1,1525,shp-525-51,1,1
1159070,525,2,525 Barkley,,1,1525,shp-525-51,1,1
2493010,525,3,525 Barkley,,1,1525,shp-525-51,1,1
2184020,525,1,525 Barkley,,1,1525,shp-525-51,1,1
755020,525,1,525 Barkley,,1,1525,shp-525-51,1,1
737090,525,4,525 Barkley,,1,1525,shp-525-51,1,1
1155010,525,3,525 Barkley,,1,1525,shp-525-51,1,1
2596020,525,1,525 Barkley,,1,1525,shp-525-51,1,1
1999010,525,3,525 Barkley,,1,1525,shp-525-51,1,1
2184090,525,4,525 Barkley,,1,1525,shp-525-51,1,1
1869070,525,2,525 Barkley,,1,1525,shp-525-51,1,1
1220010,525,3,525 Barkley,,1,1525,shp-525-51,1,1
2098010,525,3,525 Barkley,,1,1525,shp-525-51,1,1
447090,525,4,525 Barkley,,1,1525,shp-525-51,1,1
447020,525,1,525 Barkley,,1,1525,shp-525-51,1,1
1675070,525,2,525 Barkley,,1,1525,shp-525-51,1,1
5020,525,1,525 Barkley,,1,1525,shp-525-51,1,1
1552070,525,2,525 Barkley,,1,1525,shp-525-51,1,1
2359090,525,4,525 Barkley,,1,1525,shp-525-51,1,1
1985090,525,4,525 Barkley,,1,1525,shp-525-51,1,1
2270090,525,4,525 Downtown,,0,1525,shp-525-03,1,1
731090,525,4,525 Downtown,,0,1525,shp-525-03,1,1
2077010,525,3,525 Downtown,,0,1525,shp-525-03,1,1
2152010,525,3,525 Downtown,,0,1525,shp-525-03,1,1
2296010,525,3,525 Downtown,,0,1525,shp-525-03,1,1
2551070,525,2,525 Downtown,,0,1525,shp-525-03,1,1
267010,525,3,525 Downtown,,0,1525,shp-525-03,1,1
1347020,525,1,525 Downtown,,0,1525,shp-525-03,1,1
2539070,525,2,525 Downtown,,0,1525,shp-525-03,1,1
42090,525,4,525 Downtown,,0,1525,shp-525-03,1,1
2280070,525,2,525 Downtown,,0,1525,shp-525-03,1,1
1210020,525,1,525 Downtown,,0,1525,shp-525-03,1,1
1686070,525,2,525 Downtown,,0,1525,shp-525-03,1,1
2270020,525,1,525 Downtown,,0,1525,shp-525-03,1,1
534020,525,1,525 Downtown,,0,1525,shp-525-03,1,1
2413020,525,1,525 Downtown,,0,1525,shp-525-03,1,1
731020,525,1,525 Downtown,,0,1525,shp-525-03,1,1
1746020,525,1,525 Downtown,,0,1525,shp-525-03,1,1
1642010,525,3,525 Downtown,,0,1525,shp-525-03,1,1
2413090,525,4,525 Downtown,,0,1525,shp-525-03,1,1
849070,525,2,525 Downtown,,0,1525,shp-525-03,1,1
87070,525,2,525 Downtown,,0,1525,shp-525-03,1,1
572090,525,4,525 Downtown,,0,1525,shp-525-03,1,1
42020,525,1,525 Downtown,,0,1525,shp-525-03,1,1
2029010,525,3,525 Downtown,,0,1525,shp-525-03,1,1
459010,525,3,525 Downtown,,0,1525,shp-525-03,1,1
2355020,525,1,525 Downtown,,0,1525,shp-525-03,1,1
1341070,525,2,525 Downtown,,0,1525,shp-525-03,1,1
1347090,525,4,525 Downtown,,0,1525,shp-525-03,1,1
608020,525,1,525 Downtown,,0,1525,shp-525-03,1,1
1351070,525,2,525 Downtown,,0,1525,shp-525-03,1,1
2355090,525,4,525 Downtown,,0,1525,shp-525-03,1,1
1021070,525,2,525 Downtown,,0,1525,shp-525-03,1,1
2208020,525,1,525 Downtown,,0,1525,shp-525-03,1,1
1861010,525,3,525 Downtown,,0,1525,shp-525-03,1,1
2306010,525,3,525 Downtown,,0,1525,shp-525-03,1,1
572020,525,1,525 Downtown,,0,1525,shp-525-03,1,1
63020,525,1,525 Downtown,,0,1525,shp-525-03,1,1
63090,525,4,525 Downtown,,0,1525,shp-525-03,1,1
433020,525,1,525 Downtown,,0,672X,shp-525-03,1,1
608090,525,4,525 Downtown,,0,1525,shp-525-03,1,1
2403070,525,2,525 Downtown,,0,1525,shp-525-03,1,1
650010,525,3,525 Downtown,,0,1525,shp-525-03,1,1
433090,525,4,525 Downtown,,0,672X,shp-525-03,1,1
2142010,525,3,525 Downtown,,0,1525,shp-525-03,1,1
534090,525,4,525 Downtown,,0,1525,shp-525-03,1,1
1210090,525,4,525 Downtown,,0,1525,shp-525-03,1,1
1746090,525,4,525 Downtown,,0,1525,shp-525-03,1,1
2208090,525,4,525 Downtown,,0,1525,shp-525-03,1,1
1492020,533,1,533 Downtown,,1,1533,shp-533-03,1,1
1400090,533,4,533 Downtown,,1,2533,shp-533-03,1,1
2479070,533,2,533 Downtown,,1,2533,shp-533-03,1,1
2182090,533,4,533 Downtown,,1,1533,shp-533-03,1,1
753070,533,2,533 Downtown,,1,2533,shp-533-03,1,1
1224090,533,4,533 Downtown,,1,1533,shp-533-03,1,1
1400020,533,1,533 Downtown,,1,2533,shp-533-03,1,1
547090,533,4,533 Downtown,,1,2533,shp-533-03,1,1
401090,533,4,533 Downtown,,1,1533,shp-533-03,1,1
2527070,533,2,533 Downtown,,1,1533,shp-533-03,1,1
1356090,533,4,533 Downtown,,1,2533,shp-533-03,1,1
547020,533,1,533 Downtown,,1,2533,shp-533-03,1,1
1437020,533,1,533 Downtown,,1,2533,shp-533-03,1,1
1224020,533,1,533 Downtown,,1,1533,shp-533-03,1,1
1356020,533,1,533 Downtown,,1,2533,shp-533-03,1,1
304090,533,4,533 Downtown,,1,2533,shp-533-03,1,1
2182020,533,1,533 Downtown,,1,1533,shp-533-03,1,1
46070,533,2,533 Downtown,,1,1533,shp-533-03,1,1
895070,533,2,533 Downtown,,1,1533,shp-533-03,1,1
2333070,533,2,533 Downtown,,1,1533,shp-533-03,1,1
2302020,533,1,533 Downtown,,1,1533,shp-533-03,1,1
2302090,533,4,533 Downtown,,1,1533,shp-533-03,1,1
611070,533,2,533 Downtown,,1,2533,shp-533-03,1,1
1780020,533,1,533 Downtown,,1,2533,shp-533-03,1,1
2065070,533,2,533 Downtown,,1,2533,shp-533-03,1,1
1508070,533,2,533 Downtown,,1,2533,shp-533-03,1,1
1037020,533,1,533 Downtown,,1,1533,shp-533-03,1,1
1492090,533,4,533 Downtown,,1,1533,shp-533-03,1,1
1780090,533,4,533 Downtown,,1,2533,shp-533-03,1,1
1037090,533,4,533 Downtown,,1,1533,shp-533-03,1,1
304020,533,1,533 Downtown,,1,2533,shp-533-03,1,1
1114070,533,2,533 Downtown,,1,1533,shp-533-03,1,1
1437090,533,4,533 Downtown,,1,2533,shp-533-03,1,1
401020,533,1,533 Downtown,,1,1533,shp-533-03,1,1
2116090,533,4,533 Yew St,,0,1533,shp-533-02,1,1
1063020,533,1,533 Yew St,,0,1533,shp-533-02,1,1
1649020,533,1,533 Yew St,,0,2533,shp-533-02,1,1
122070,533,2,533 Yew St,,0,1533,shp-533-02,1,1
416090,533,4,533 Yew St,,0,1533,shp-533-02,1,1
661090,533,4,533 Yew St,,0,2533,shp-533-02,1,1
1031070,533,2,533 Yew St,,0,2533,shp-533-02,1,1
845070,533,2,533 Yew St,,0,1533,shp-533-02,1,1
503070,533,2,533 Yew St,,0,2533,shp-533-02,1,1
2429020,533,1,533 Yew St,,0,2533,shp-533-02,1,1
2599020,533,1,533 Yew St,,0,1533,shp-533-02,1,1
2283070,533,2,533 Yew St,,0,2533,shp-533-02,1,1
553020,533,1,533 Yew St,,0,1533,shp-533-02,1,1
2652020,533,1,533 Yew St,,0,2533,shp-533-02,1,1
553090,533,4,533 Yew St,,0,1533,shp-533-02,1,1
206070,533,2,533 Yew St,,0,2533,shp-533-02,1,1
1913020,533,1,533 Yew St,,0,1533,shp-533-02,1,1
1085070,533,2,533 Yew St,,0,1533,shp-533-02,1,1
661020,533,1,533 Yew St,,0,2533,shp-533-02,1,1
2116020,533,1,533 Yew St,,0,1533,shp-533-02,1,1
1967020,533,1,533 Yew St,,0,2533,shp-533-02,1,1
759070,533,2,533 Yew St,,0,1533,shp-533-02,1,1
1913090,533,4,533 Yew St,,0,1533,shp-533-02,1,1
1882070,533,2,533 Yew St,,0,2533,shp-533-02,1,1
1315090,533,4,533 Yew St,,0,2533,shp-533-02,1,1
1649090,533,4,533 Yew St,,0,2533,shp-533-02,1,1
1967090,533,4,533 Yew St,,0,2533,shp-533-02,1,1
2599090,533,4,533 Yew St,,0,1533,shp-533-02,1,1
1315020,533,1,533 Yew St,,0,2533,shp-533-02,1,1
2429090,533,4,533 Yew St,,0,2533,shp-533-02,1,1
1694070,533,2,533 Yew St,,0,1533,shp-533-02,1,1
2652090,533,4,533 Yew St,,0,2533,shp-533-02,1,1
416020,533,1,533 Yew St,,0,1533,shp-533-02,1,1
1063090,533,4,533 Yew St,,0,1533,shp-533-02,1,1
1202090,540,4,540 Downtown,,1,2533,shp-540-02,1,1
930090,540,4,540 Downtown,,1,1533,shp-540-02,1,1
1423020,540,1,540 Downtown,,1,2533,shp-540-02,1,1
1288070,540,2,540 Downtown,,1,2533,shp-540-02,1,1
656020,540,1,540 Downtown,,1,1533,shp-540-02,1,1
1507070,540,2,540 Downtown,,1,1533,shp-540-02,1,1
1374090,540,4,540 Downtown,,1,1533,shp-540-02,1,1
260090,540,4,540 Downtown,,1,1533,shp-540-02,1,1
260020,540,1,540 Downtown,,1,1533,shp-540-02,1,1
836090,540,4,540 Downtown,,1,1533,shp-540-02,1,1
335070,540,2,540 Downtown,,1,1533,shp-540-02,1,1
2314020,540,1,540 Downtown,,1,1533,shp-540-02,1,1
1423090,540,4,540 Downtown,,1,2533,shp-540-02,1,1
2528070,540,2,540 Downtown,,1,1533,shp-540-02,1,1
1198020,540,1,540 Downtown,,1,2533,shp-540-02,1,1
179070,540,2,540 Downtown,,1,1533,shp-540-02,1,1
1198090,540,4,540 Downtown,,1,2533,shp-540-02,1,1
1374020,540,1,540 Downtown,,1,1533,shp-540-02,1,1
836020,540,1,540 Downtown,,1,1533,shp-540-02,1,1
194090,540,4,540 Downtown,,1,2533,shp-540-02,1,1
1854090,540,4,540 Downtown,,1,2533,shp-540-02,1,1
1274090,540,4,540 Downtown,,1,2533,shp-540-02,1,1
36070,540,2,540 Downtown,,1,2533,shp-540-02,1,1
930020,540,1,540 Downtown,,1,1533,shp-540-02,1,1
1162070,540,2,540 Downtown,,1,2533,shp-540-02,1,1
1854020,540,1,540 Downtown,,1,2533,shp-540-02,1,1
2314090,540,4,540 Downtown,,1,1533,shp-540-02,1,1
1274020,540,1,540 Downtown,,1,2533,shp-540-02,1,1
1202020,540,1,540 Downtown,,1,2533,shp-540-02,1,1
194020,540,1,540 Downtown,,1,2533,shp-540-02,1,1
656090,540,4,540 Downtown,,1,1533,shp-540-02,1,1
707070,540,2,540 Downtown,,1,2533,shp-540-02,1,1
1382070,540,2,540 Downtown,,1,2533,shp-540-02,1,1
2136070,540,2,540 Downtown,,1,1533,shp-540-02,1,1
262090,540,4,540 Sunset,,0,1533,shp-540-51,1,1
1924070,540,2,540 Sunset,,0,2533,shp-540-51,1,1
911090,540,4,540 Sunset,,0,2533,shp-540-51,1,1
1892090,540,4,540 Sunset,,0,2533,shp-540-51,1,1
262020,540,1,540 Sunset,,0,1533,shp-540-51,1,1
2569070,540,2,540 Sunset,,1,2533,shp-540-01,1,1
1255070,540,2,540 Sunset,,0,2533,shp-540-51,1,1
2667070,540,2,540 Sunset,,0,2533,shp-540-51,1,1
1145090,540,4,540 Sunset,,0,2533,shp-540-51,1,1
1040020,540,1,540 Sunset,,0,1533,shp-540-51,1,1
1765020,540,1,540 Sunset,,0,1533,shp-540-51,1,1
1765090,540,4,540 Sunset,,0,1533,shp-540-51,1,1
1151070,540,2,540 Sunset,,0,2533,shp-540-51,1,1
1892020,540,1,540 Sunset,,0,2533,shp-540-51,1,1
1867090,540,4,540 Sunset,,0,1533,shp-540-51,1,1
1988020,540,1,540 Sunset,,0,2533,shp-540-51,1,1
421070,540,2,540 Sunset,,0,2533,shp-540-51,1,1
1867020,540,1,540 Sunset,,0,1533,shp-540-51,1,1
204090,540,4,540 Sunset,,0,1533,shp-540-51,1,1
1011070,540,2,540 Sunset,,0,1533,shp-540-51,1,1
2524070,540,2,540 Sunset,,0,1533,shp-540-51,1,1
911020,540,1,540 Sunset,,0,2533,shp-540-51,1,1
1367090,540,4,540 Sunset,,1,1533,shp-540-01,1,1
1402070,540,2,540 Sunset,,0,1533,shp-540-51,1,1
621020,540,1,540 Sunset,,0,2533,shp-540-51,1,1
1399070,540,2,540 Sunset,,0,1533,shp-540-51,1,1
1145020,540,1,540 Sunset,,0,2533,shp-540-51,1,1
1040090,540,4,540 Sunset,,0,1533,shp-540-51,1,1
1367020,540,1,540 Sunset,,1,1533,shp-540-01,1,1
621090,540,4,540 Sunset,,0,2533,shp-540-51,1,1
1539070,540,2,540 Sunset,,0,1533,shp-540-51,1,1
1988090,540,4,540 Sunset,,0,2533,shp-540-51,1,1
1670020,540,1,540 Sunset,,0,2533,shp-540-51,1,1
1512020,540,1,540 Sunset,,0,1533,shp-540-51,1,1
204020,540,1,540 Sunset,,0,1533,shp-540-51,1,1
1512090,540,4,540 Sunset,,0,1533,shp-540-51,1,1
1670090,540,4,540 Sunset,,0,2533,shp-540-51,1,1
249090,6,4,6 Downtown,,1,45,shp-6-01,1,1
519070,6,2,6 Downtown,,1,35,shp-6-01,1,1
645090,6,4,6 Downtown,,1,35,shp-6-01,1,1
1717070,6,2,6 Downtown,,1,45,shp-6-01,1,1
602070,6,2,6 Downtown,,1,15,shp-6-01,1,1
173020,6,1,6 Downtown,,1,25,shp-6-01,1,1
27090,6,4,6 Downtown,,1,25,shp-6-01,1,1
655020,6,1,6 Downtown,,1,15,shp-6-01,1,1
2127070,6,2,6 Downtown,,1,25,shp-6-01,1,1
1481020,6,1,6 Downtown,,1,45,shp-6-01,1,1
235090,6,4,6 Downtown,,1,45,shp-6-01,1,1
1328090,6,4,6 Downtown,,1,45,shp-6-01,1,1
1364090,6,4,6 Downtown,,1,35,shp-6-01,1,1
2304090,6,4,6 Downtown,,1,35,shp-6-01,1,1
265090,6,4,6 Downtown,,1,35,shp-6-01,1,1
996090,6,4,6 Downtown,,1,25,shp-6-01,1,1
1364020,6,1,6 Downtown,,1,35,shp-6-01,1,1
645020,6,1,6 Downtown,,1,35,shp-6-01,1,1
2463070,6,2,6 Downtown,,1,35,shp-6-01,1,1
1481090,6,4,6 Downtown,,1,45,shp-6-01,1,1
1277070,6,2,6 Downtown,,1,45,shp-6-01,1,1
1164070,6,2,6 Downtown,,1,35,shp-6-01,1,1
996020,6,1,6 Downtown,,1,25,shp-6-01,1,1
548070,6,2,6 Downtown,,1,15,shp-6-01,1,1
265020,6,1,6 Downtown,,1,35,shp-6-01,1,1
1328020,6,1,6 Downtown,,1,45,shp-6-01,1,1
1090090,6,4,6 Downtown,,1,15,shp-6-01,1,1
235020,6,1,6 Downtown,,1,45,shp-6-01,1,1
249020,6,1,6 Downtown,,1,45,shp-6-01,1,1
545070,6,2,6 Downtown,,1,15,shp-6-01,1,1
2442090,6,4,6 Downtown,,1,15,shp-6-01,1,1
655090,6,4,6 Downtown,,1,15,shp-6-01,1,1
173090,6,4,6 Downtown,,1,25,shp-6-01,1,1
2304020,6,1,6 Downtown,,1,35,shp-6-01,1,1
2387070,6,2,6 Downtown,,1,25,shp-6-01,1,1
2442020,6,1,6 Downtown,,1,15,shp-6-01,1,1
1296070,6,2,6 Downtown,,1,35,shp-6-01,1,1
1639070,6,2,6 Downtown,,1,45,shp-6-01,1,1
542070,6,2,6 Downtown,,1,45,shp-6-01,1,1
1090020,6,1,6 Downtown,,1,15,shp-6-01,1,1
27020,6,1,6 Downtown,,1,25,shp-6-01,1,1
238070,6,2,6 Fraser,,0,45,shp-6-51,1,1
1287070,6,2,6 Fraser,,0,35,shp-6-51,1,1
1053090,6,4,6 Fraser,,0,15,shp-6-51,1,1
1477090,6,4,6 Fraser,,0,15,shp-6-51,1,1
2047090,6,4,6 Fraser,,0,45,shp-6-51,1,1
1053020,6,1,6 Fraser,,0,15,shp-6-51,1,1
1477020,6,1,6 Fraser,,0,15,shp-6-51,1,1
294090,6,4,6 Fraser,,0,35,shp-6-51,1,1
1150070,6,2,6 Fraser,,0,25,shp-6-51,1,1
2418070,6,2,6 Fraser,,0,45,shp-6-51,1,1
679070,6,2,6 Fraser,,0,45,shp-6-51,1,1
449020,6,1,6 Fraser,,0,15,shp-6-51,1,1
2047020,6,1,6 Fraser,,0,45,shp-6-51,1,1
2545020,6,1,6 Fraser,,0,45,shp-6-51,1,1
1434020,6,1,6 Fraser,,0,25,shp-6-51,1,1
1628020,6,1,6 Fraser,,0,35,shp-6-51,1,1
689020,6,1,6 Fraser,,0,25,shp-6-51,1,1
1434090,6,4,6 Fraser,,0,25,shp-6-51,1,1
2466020,6,1,6 Fraser,,0,35,shp-6-51,1,1
701070,6,2,6 Fraser,,0,15,shp-6-51,1,1
2562070,6,2,6 Fraser,,0,15,shp-6-51,1,1
443070,6,2,6 Fraser,,0,45,shp-6-51,1,1
294020,6,1,6 Fraser,,0,35,shp-6-51,1,1
1013020,6,1,6 Fraser,,0,35,shp-6-51,1,1
372020,6,1,6 Fraser,,0,25,shp-6-51,1,1
389070,6,2,6 Fraser,,0,25,shp-6-51,1,1
367070,6,2,6 Fraser,,0,35,shp-6-51,1,1
1013090,6,4,6 Fraser,,0,35,shp-6-51,1,1
2466090,6,4,6 Fraser,,0,35,shp-6-51,1,1
1651070,6,2,6 Fraser,,0,35,shp-6-51,1,1
1628090,6,4,6 Fraser,,0,35,shp-6-51,1,1
1372070,6,2,6 Fraser,,0,35,shp-6-51,1,1
991020,6,1,6 Fraser,,0,45,shp-6-51,1,1
991090,6,4,6 Fraser,,0,45,shp-6-51,1,1
689090,6,4,6 Fraser,,0,25,shp-6-51,1,1
2558070,6,2,6 Fraser,,0,15,shp-6-51,1,1
2576090,6,4,6 Fraser,,0,45,shp-6-51,1,1
449090,6,4,6 Fraser,,0,15,shp-6-51,1,1
2576020,6,1,6 Fraser,,0,45,shp-6-51,1,1
372090,6,4,6 Fraser,,0,25,shp-6-51,1,1
2545090,6,4,6 Fraser,,0,45,shp-6-51,1,1
1705090,7,4,7 Samish/Downtown,,1,35,shp-7-01,1,1
1790020,7,1,7 Samish/Downtown,,1,25,shp-7-01,1,1
1182090,7,4,7 Samish/Downtown,,1,25,shp-7-01,1,1
2581070,7,2,7 Samish/Downtown,,1,45,shp-7-01,1,1
2549020,7,1,7 Samish/Downtown,,1,45,shp-7-01,1,1
2367070,7,2,7 Samish/Downtown,,1,25,shp-7-01,1,1
1475020,7,1,7 Samish/Downtown,,1,45,shp-7-01,1,1
2001070,7,2,7 Samish/Downtown,,1,35,shp-7-01,1,1
399020,7,1,7 Samish/Downtown,,1,35,shp-7-01,1,1
2592090,7,4,7 Samish/Downtown,,1,15,shp-7-01,1,1
2291070,7,2,7 Samish/Downtown,,1,15,shp-7-01,1,1
1531090,7,4,7 Samish/Downtown,,1,25,shp-7-01,1,1
2663090,7,4,7 Samish/Downtown,,1,45,shp-7-01,1,1
1650020,7,1,7 Samish/Downtown,,1,15,shp-7-01,1,1
1334020,7,1,7 Samish/Downtown,,1,15,shp-7-01,1,1
2663020,7,1,7 Samish/Downtown,,1,45,shp-7-01,1,1
2223070,7,2,7 Samish/Downtown,,1,25,shp-7-01,1,1
399090,7,4,7 Samish/Downtown,,1,35,shp-7-01,1,1
1650090,7,4,7 Samish/Downtown,,1,15,shp-7-01,1,1
1510020,7,1,7 Samish/Downtown,,1,45,shp-7-01,1,1
1182020,7,1,7 Samish/Downtown,,1,25,shp-7-01,1,1
1415070,7,2,7 Samish/Downtown,,1,35,shp-7-01,1,1
2549090,7,4,7 Samish/Downtown,,1,45,shp-7-01,1,1
1144020,7,1,7 Samish/Downtown,,1,35,shp-7-01,1,1
1705020,7,1,7 Samish/Downtown,,1,35,shp-7-01,1,1
837070,7,2,7 Samish/Downtown,,1,25,shp-7-01,1,1
3070,7,2,7 Samish/Downtown,,1,45,shp-7-01,1,1
1937090,7,4,7 Samish/Downtown,,1,35,shp-7-01,1,1
1455070,7,2,7 Samish/Downtown,,1,45,shp-7-01,1,1
1334090,7,4,7 Samish/Downtown,,1,15,shp-7-01,1,1
1475090,7,4,7 Samish/Downtown,,1,45,shp-7-01,1,1
2198070,7,2,7 Samish/Downtown,,1,45,shp-7-01,1,1
1531020,7,1,7 Samish/Downtown,,1,25,shp-7-01,1,1
1937020,7,1,7 Samish/Downtown,,1,35,shp-7-01,1,1
1934070,7,2,7 Samish/Downtown,,1,35,shp-7-01,1,1
1144090,7,4,7 Samish/Downtown,,1,35,shp-7-01,1,1
1510090,7,4,7 Samish/Downtown,,1,45,shp-7-01,1,1
1790090,7,4,7 Samish/Downtown,,1,25,shp-7-01,1,1
569070,7,2,7 Samish/Downtown,,1,15,shp-7-01,1,1
2592020,7,1,7 Samish/Downtown,,1,15,shp-7-01,1,1
350070,7,2,7 Samish/WWU,,0,15,shp-7-51,1,1
784090,7,4,7 Samish/WWU,,0,45,shp-7-51,1,1
76020,7,1,7 Samish/WWU,,0,15,shp-7-51,1,1
2027090,7,4,7 Samish/WWU,,0,15,shp-7-51,1,1
2103090,7,4,7 Samish/WWU,,0,15,shp-7-51,1,1
1996090,7,4,7 Samish/WWU,,0,35,shp-7-51,1,1
299020,7,1,7 Samish/WWU,,0,35,shp-7-51,1,1
1761070,7,2,7 Samish/WWU,,0,45,shp-7-51,1,1
299090,7,4,7 Samish/WWU,,0,35,shp-7-51,1,1
318070,7,2,7 Samish/WWU,,0,45,shp-7-51,1,1
2471070,7,2,7 Samish/WWU,,0,45,shp-7-51,1,1
2025020,7,1,7 Samish/WWU,,0,45,shp-7-51,1,1
558090,7,4,7 Samish/WWU,,0,35,shp-7-51,1,1
1839090,7,4,7 Samish/WWU,,0,45,shp-7-51,1,1
784020,7,1,7 Samish/WWU,,0,45,shp-7-51,1,1
2103020,7,1,7 Samish/WWU,,0,15,shp-7-51,1,1
558020,7,1,7 Samish/WWU,,0,35,shp-7-51,1,1
2105070,7,2,7 Samish/WWU,,0,25,shp-7-51,1,1
225020,7,1,7 Samish/WWU,,0,25,shp-7-51,1,1
824020,7,1,7 Samish/WWU,,0,45,shp-7-51,1,1
225090,7,4,7 Samish/WWU,,0,25,shp-7-51,1,1
1839020,7,1,7 Samish/WWU,,0,45,shp-7-51,1,1
2071020,7,1,7 Samish/WWU,,0,35,shp-7-51,1,1
1996020,7,1,7 Samish/WWU,,0,35,shp-7-51,1,1
76090,7,4,7 Samish/WWU,,0,15,shp-7-51,1,1
2027020,7,1,7 Samish/WWU,,0,15,shp-7-51,1,1
1828070,7,2,7 Samish/WWU,,0,35,shp-7-51,1,1
641070,7,2,7 Samish/WWU,,0,25,shp-7-51,1,1
577070,7,2,7 Samish/WWU,,0,35,shp-7-51,1,1
300070,7,2,7 Samish/WWU,,0,45,shp-7-51,1,1
2025090,7,4,7 Samish/WWU,,0,45,shp-7-51,1,1
1422020,7,1,7 Samish/WWU,,0,25,shp-7-51,1,1
1245070,7,2,7 Samish/WWU,,0,25,shp-7-51,1,1
1422090,7,4,7 Samish/WWU,,0,25,shp-7-51,1,1
2071090,7,4,7 Samish/WWU,,0,35,shp-7-51,1,1
824090,7,4,7 Samish/WWU,,0,45,shp-7-51,1,1
939070,7,2,7 Samish/WWU,,0,15,shp-7-51,1,1
2164070,7,2,7 Samish/WWU,,0,35,shp-7-51,1,1
186020,7,1,7 Samish/WWU,,0,25,shp-7-51,1,1
186090,7,4,7 Samish/WWU,,0,25,shp-7-51,1,1
2368020,71X,1,71X Cordata/WCC,,1,271X,shp-71X-01,1,1
2335070,71X,2,71X Cordata/WCC,,1,371X,shp-71X-01,1,1
2368090,71X,4,71X Cordata/WCC,,1,271X,shp-71X-01,1,1
232020,71X,1,71X Cordata/WCC,,1,371X,shp-71X-01,1,1
108070,71X,2,71X Cordata/WCC,,1,271X,shp-71X-01,1,1
1504090,71X,4,71X Cordata/WCC,,1,171X,shp-71X-01,1,1
359020,71X,1,71X Cordata/WCC,,1,471X,shp-71X-01,1,1
359090,71X,4,71X Cordata/WCC,,1,471X,shp-71X-01,1,1
232090,71X,4,71X Cordata/WCC,,1,371X,shp-71X-01,1,1
1504020,71X,1,71X Cordata/WCC,,1,171X,shp-71X-01,1,1
1478020,71X,1,71X Cordata/WCC,,1,571X,shp-71X-01,1,1
1889070,71X,2,71X Cordata/WCC,,1,171X,shp-71X-01,1,1
1478090,71X,4,71X Cordata/WCC,,1,571X,shp-71X-01,1,1
683070,71X,2,71X Everson/Nooksack/Sumas,,0,371X,shp-71X-52,1,1
618020,71X,1,71X Everson/Nooksack/Sumas,,0,171X,shp-71X-51,1,1
694090,71X,4,71X Everson/Nooksack/Sumas,,0,571X,shp-71X-52,1,1
278090,71X,4,71X Everson/Nooksack/Sumas,,0,271X,shp-71X-52,1,1
618090,71X,4,71X Everson/Nooksack/Sumas,,0,171X,shp-71X-51,1,1
1904020,71X,1,71X Everson/Nooksack/Sumas,,0,471X,shp-71X-52,1,1
1904090,71X,4,71X Everson/Nooksack/Sumas,,0,471X,shp-71X-52,1,1
694020,71X,1,71X Everson/Nooksack/Sumas,,0,571X,shp-71X-52,1,1
1217090,71X,4,71X Everson/Nooksack/Sumas,,0,371X,shp-71X-52,1,1
868070,71X,2,71X Everson/Nooksack/Sumas,,0,271X,shp-71X-52,1,1
1217020,71X,1,71X Everson/Nooksack/Sumas,,0,371X,shp-71X-52,1,1
278020,71X,1,71X Everson/Nooksack/Sumas,,0,271X,shp-71X-52,1,1
2042070,71X,2,71X Everson/Nooksack/Sumas,,0,171X,shp-71X-51,1,1
1899070,72X,2,72X Bellingham,,1,272X,shp-72X-03,1,1
1692010,72X,3,72X Bellingham,,1,372X,shp-72X-03,1,1
810020,72X,1,72X Bellingham,,1,272X,shp-72X-03,1,1
2526010,72X,3,72X Bellingham,,1,172X,shp-72X-03,1,1
2281070,72X,2,72X Bellingham,,1,172X,shp-72X-03,1,1
2501090,72X,4,72X Bellingham,,1,672X,shp-72X-03,1,1
2501020,72X,1,72X Bellingham,,1,672X,shp-72X-03,1,1
26010,72X,3,72X Bellingham,,1,272X,shp-72X-03,1,1
1051010,72X,3,72X Bellingham,,1,472X,shp-72X-03,1,1
1804070,72X,2,72X Bellingham,,1,372X,shp-72X-03,1,1
2056020,72X,1,72X Bellingham,,1,372X,shp-72X-03,1,1
482090,72X,4,72X Bellingham,,1,172X,shp-72X-01,1,1
2138090,72X,4,72X Bellingham,,1,472X,shp-72X-03,1,1
2056090,72X,4,72X Bellingham,,1,372X,shp-72X-03,1,1
17020,72X,1,72X Bellingham,,1,572X,shp-72X-03,1,1
810090,72X,4,72X Bellingham,,1,272X,shp-72X-03,1,1
2138020,72X,1,72X Bellingham,,1,472X,shp-72X-03,1,1
17090,72X,4,72X Bellingham,,1,572X,shp-72X-03,1,1
482020,72X,1,72X Bellingham,,1,172X,shp-72X-01,1,1
2214090,72X,4,72X Kendall,,0,772X,shp-72X-53,1,1
511090,72X,4,72X Kendall,,0,872X,shp-72X-53,1,1
2149010,72X,3,72X Kendall,,0,172X,shp-72X-51,1,1
511020,72X,1,72X Kendall,,0,872X,shp-72X-53,1,1
1050020,72X,1,72X Kendall,,0,272X,shp-72X-53,1,1
208010,72X,3,72X Kendall,,0,372X,shp-72X-53,1,1
1818070,72X,2,72X Kendall,,0,372X,shp-72X-53,1,1
1379090,72X,4,72X Kendall,,0,372X,shp-72X-53,1,1
1544020,72X,1,72X Kendall,,0,672X,shp-72X-52,1,1
1359090,72X,4,72X Kendall,,0,572X,shp-72X-53,1,1
1544090,72X,4,72X Kendall,,0,672X,shp-72X-52,1,1
2094090,72X,4,72X Kendall,,0,472X,shp-72X-53,1,1
2236010,72X,3,72X Kendall,,0,272X,shp-72X-53,1,1
2214020,72X,1,72X Kendall,,0,772X,shp-72X-53,1,1
1379020,72X,1,72X Kendall,,0,372X,shp-72X-53,1,1
2627090,72X,4,72X Kendall,,0,172X,shp-72X-51,1,1
2094020,72X,1,72X Kendall,,0,472X,shp-72X-53,1,1
2627020,72X,1,72X Kendall,,0,172X,shp-72X-51,1,1
1359020,72X,1,72X Kendall,,0,572X,shp-72X-53,1,1
1378010,72X,3,72X Kendall,,0,472X,shp-72X-53,1,1
729070,72X,2,72X Kendall,,0,472X,shp-72X-53,1,1
2323070,72X,2,72X Kendall,,0,272X,shp-72X-53,1,1
1050090,72X,4,72X Kendall,,0,272X,shp-72X-53,1,1
1252070,72X,2,72X Kendall,,0,172X,shp-72X-51,1,1
2384070,72X,2,72X Sunset Square,,1,472X,shp-72X-02,1,1
25020,72X,1,72X Sunset Square,,1,772X,shp-72X-02,1,1
829020,72X,1,72X Sunset Square,,1,872X,shp-72X-02,1,1
829090,72X,4,72X Sunset Square,,1,872X,shp-72X-02,1,1
25090,72X,4,72X Sunset Square,,1,772X,shp-72X-02,1,1
676090,75,4,75A Bellingham,,1,675,shp-75-03,1,1
856020,75,1,75A Bellingham,,1,875,shp-75-03,1,1
1079020,75,1,75A Bellingham,,1,475,shp-75-03,1,1
1509020,75,1,75A Bellingham,,1,1075,shp-75-03,1,1
1079090,75,4,75A Bellingham,,1,475,shp-75-03,1,1
1311090,75,4,75A Bellingham,,1,975,shp-75-03,1,1
2568020,75,1,75A Bellingham,,1,175,shp-75-03,1,1
676020,75,1,75A Bellingham,,1,675,shp-75-03,1,1
1311020,75,1,75A Bellingham,,1,975,shp-75-03,1,1
1509090,75,4,75A Bellingham,,1,1075,shp-75-03,1,1
856090,75,4,75A Bellingham,,1,875,shp-75-03,1,1
2568090,75,4,75A Bellingham,,1,175,shp-75-03,1,1
1463020,75,1,75A Blaine,,0,1375,shp-75-52,1,1
2272090,75,4,75A Blaine,,0,375,shp-75-52,1,1
1853090,75,4,75A Blaine,,0,575,shp-75-52,1,1
2272020,75,1,75A Blaine,,0,375,shp-75-52,1,1
1463090,75,4,75A Blaine,,0,1375,shp-75-52,1,1
1820090,75,4,75A Blaine,,0,1175,shp-75-52,1,1
1853020,75,1,75A Blaine,,0,575,shp-75-52,1,1
781020,75,1,75A Blaine,,0,775,shp-75-52,1,1
781090,75,4,75A Blaine,,0,775,shp-75-52,1,1
1820020,75,1,75A Blaine,,0,1175,shp-75-52,1,1
2440090,75,4,75A Ferndale,,1,1275,shp-75-01,1,1
2440020,75,1,75A Ferndale,,1,1275,shp-75-01,1,1
1679020,75,1,75B Birch Bay/Bellingham,,1,775,shp-75-04,1,1
1679090,75,4,75B Birch Bay/Bellingham,,1,775,shp-75-04,1,1
1782070,75,2,75B Birch Bay/Bellingham,,1,175,shp-75-04,1,1
477020,75,1,75B Birch Bay/Bellingham,,1,275,shp-75-04,1,1
477090,75,4,75B Birch Bay/Bellingham,,1,275,shp-75-04,1,1
1240070,75,2,75B Birch Bay/Bellingham,,1,275,shp-75-04,1,1
1236020,75,1,75B Birch Bay/Bellingham,,1,1175,shp-75-04,1,1
1338070,75,2,75B Birch Bay/Bellingham,,1,375,shp-75-04,1,1
1096020,75,1,75B Birch Bay/Bellingham,,1,375,shp-75-07,1,1
1236090,75,4,75B Birch Bay/Bellingham,,1,1175,shp-75-04,1,1
1096090,75,4,75B Birch Bay/Bellingham,,1,375,shp-75-07,1,1
2640020,75,1,75B Birch Bay/Bellingham,,1,575,shp-75-04,1,1
2640090,75,4,75B Birch Bay/Bellingham,,1,575,shp-75-04,1,1
1645020,75,1,75B Birch Bay/Blaine,,0,1275,shp-75-53,1,1
1161020,75,1,75B Birch Bay/Blaine,,0,975,shp-75-55,1,1
98020,75,1,75B Birch Bay/Blaine,,0,875,shp-75-53,1,1
2154070,75,2,75B Birch Bay/Blaine,,0,475,shp-75-53,1,1
2249090,75,4,75B Birch Bay/Blaine,,0,1075,shp-75-55,1,1
2288070,75,2,75B Birch Bay/Blaine,,0,175,shp-75-51,1,1
1645090,75,4,75B Birch Bay/Blaine,,0,1275,shp-75-53,1,1
2249020,75,1,75B Birch Bay/Blaine,,0,1075,shp-75-55,1,1
658090,75,4,75B Birch Bay/Blaine,,0,675,shp-75-53,1,1
823090,75,4,75B Birch Bay/Blaine,,0,175,shp-75-51,1,1
823020,75,1,75B Birch Bay/Blaine,,0,175,shp-75-51,1,1
853070,75,2,75B Birch Bay/Blaine,,0,275,shp-75-53,1,1
658020,75,1,75B Birch Bay/Blaine,,0,675,shp-75-53,1,1
1623020,75,1,75B Birch Bay/Blaine,,0,475,shp-75-51,1,1
98090,75,4,75B Birch Bay/Blaine,,0,875,shp-75-53,1,1
1662070,75,2,75B Birch Bay/Blaine,,0,375,shp-75-53,1,1
1623090,75,4,75B Birch Bay/Blaine,,0,475,shp-75-51,1,1
1161090,75,4,75B Birch Bay/Blaine,,0,975,shp-75-55,1,1
466020,75,1,75B Birch Bay/Ferndale,,1,1375,shp-75-02,1,1
466090,75,4,75B Birch Bay/Ferndale,,1,1375,shp-75-02,1,1
2516010,80X,3,80X Bellingham,,1,180X,shp-80X-01,1,1
2228020,80X,1,80X Bellingham,,1,180X,shp-80X-01,1,1
1193070,80X,2,80X Bellingham,,1,180X,shp-80X-01,1,1
473090,80X,4,80X Bellingham,,1,280X,shp-80X-01,1,1
1874020,80X,1,80X Bellingham,,1,280X,shp-80X-01,1,1
1961070,80X,2,80X Bellingham,,1,180X,shp-80X-01,1,1
1874090,80X,4,80X Bellingham,,1,280X,shp-80X-01,1,1
603090,80X,4,80X Bellingham,,1,380X,shp-80X-01,1,1
473020,80X,1,80X Bellingham,,1,280X,shp-80X-01,1,1
2358020,80X,1,80X Bellingham,,1,380X,shp-80X-01,1,1
603020,80X,1,80X Bellingham,,1,380X,shp-80X-01,1,1
2358090,80X,4,80X Bellingham,,1,380X,shp-80X-01,1,1
2228090,80X,4,80X Bellingham,,1,180X,shp-80X-01,1,1
330090,80X,4,80X Mt Vernon,,0,280X,shp-80X-51,1,1
2093090,80X,4,80X Mt Vernon,,0,180X,shp-80X-51,1,1
1349010,80X,3,80X Mt Vernon,,0,180X,shp-80X-51,1,1
330020,80X,1,80X Mt Vernon,,0,280X,shp-80X-51,1,1
886070,80X,2,80X Mt Vernon,,0,180X,shp-80X-51,1,1
967090,80X,4,80X Mt Vernon,,0,380X,shp-80X-51,1,1
967020,80X,1,80X Mt Vernon,,0,380X,shp-80X-51,1,1
1570090,80X,4,80X Mt Vernon,,0,280X,shp-80X-51,1,1
1570020,80X,1,80X Mt Vernon,,0,280X,shp-80X-51,1,1
2093020,80X,1,80X Mt Vernon,,0,180X,shp-80X-51,1,1
1485090,80X,4,80X Mt Vernon,,0,380X,shp-80X-51,1,1
259070,80X,2,80X Mt Vernon,,0,180X,shp-80X-51,1,1
1485020,80X,1,80X Mt Vernon,,0,380X,shp-80X-51,1,1
2390070,9,2,9 Downtown,,1,19,shp-9-01,1,1
2015090,9,4,9 Downtown,,1,19,shp-9-01,1,1
2187090,9,4,9 Downtown,,1,19,shp-9-01,1,1
163020,9,1,9 Downtown,,1,19,shp-9-01,1,1
74020,9,1,9 Downtown,,1,19,shp-9-01,1,1
2430020,9,1,9 Downtown,,1,19,shp-9-01,1,1
975010,9,3,9 Downtown,,1,13,shp-9-01,1,1
1027020,9,1,9 Downtown,,1,19,shp-9-01,1,1
163090,9,4,9 Downtown,,1,19,shp-9-01,1,1
1327020,9,1,9 Downtown,,1,19,shp-9-01,1,1
2628020,9,1,9 Downtown,,1,19,shp-9-01,1,1
740090,9,4,9 Downtown,,1,19,shp-9-01,1,1
2002010,9,3,9 Downtown,,1,23,shp-9-01,1,1
1620090,9,4,9 Downtown,,1,19,shp-9-01,1,1
1417090,9,4,9 Downtown,,1,19,shp-9-01,1,1
1366020,9,1,9 Downtown,,1,19,shp-9-01,1,1
1594020,9,1,9 Downtown,,1,19,shp-9-01,1,1
879020,9,1,9 Downtown,,1,19,shp-9-01,1,1
834020,9,1,9 Downtown,,1,19,shp-9-01,1,1
306090,9,4,9 Downtown,,1,19,shp-9-01,1,1
834090,9,4,9 Downtown,,1,19,shp-9-01,1,1
2423020,9,1,9 Downtown,,1,19,shp-9-01,1,1
1468090,9,4,9 Downtown,,1,19,shp-9-01,1,1
2017010,9,3,9 Downtown,,1,13,shp-9-01,1,1
1417020,9,1,9 Downtown,,1,19,shp-9-01,1,1
306020,9,1,9 Downtown,,1,19,shp-9-01,1,1
1594090,9,4,9 Downtown,,1,19,shp-9-01,1,1
2015020,9,1,9 Downtown,,1,19,shp-9-01,1,1
2187020,9,1,9 Downtown,,1,19,shp-9-01,1,1
1272010,9,3,9 Downtown,,1,13,shp-9-01,1,1
1969070,9,2,9 Downtown,,1,19,shp-9-01,1,1
2036070,9,2,9 Downtown,,1,19,shp-9-01,1,1
381070,9,2,9 Downtown,,1,19,shp-9-01,1,1
2605020,9,1,9 Downtown,,1,19,shp-9-01,1,1
1740090,9,4,9 Downtown,,1,19,shp-9-01,1,1
879090,9,4,9 Downtown,,1,19,shp-9-01,1,1
646020,9,1,9 Downtown,,1,19,shp-9-01,1,1
668010,9,3,9 Downtown,,1,23,shp-9-01,1,1
1366090,9,4,9 Downtown,,1,19,shp-9-01,1,1
1061010,9,3,9 Downtown,,1,13,shp-9-01,1,1
147020,9,1,9 Downtown,,1,19,shp-9-01,1,1
1620020,9,1,9 Downtown,,1,19,shp-9-01,1,1
2423090,9,4,9 Downtown,,1,19,shp-9-01,1,1
1601070,9,2,9 Downtown,,1,19,shp-9-01,1,1
1307070,9,2,9 Downtown,,1,19,shp-9-01,1,1
30090,9,4,9 Downtown,,1,19,shp-9-01,1,1
942020,9,1,9 Downtown,,1,19,shp-9-01,1,1
47010,9,3,9 Downtown,,1,13,shp-9-01,1,1
1027090,9,4,9 Downtown,,1,19,shp-9-01,1,1
1974010,9,3,9 Downtown,,1,23,shp-9-01,1,1
646090,9,4,9 Downtown,,1,19,shp-9-01,1,1
1365070,9,2,9 Downtown,,1,19,shp-9-01,1,1
1468020,9,1,9 Downtown,,1,19,shp-9-01,1,1
740020,9,1,9 Downtown,,1,19,shp-9-01,1,1
874090,9,4,9 Downtown,,1,19,shp-9-01,1,1
147090,9,4,9 Downtown,,1,19,shp-9-01,1,1
74090,9,4,9 Downtown,,1,19,shp-9-01,1,1
2484070,9,2,9 Downtown,,1,19,shp-9-01,1,1
1740020,9,1,9 Downtown,,1,19,shp-9-01,1,1
1830010,9,3,9 Downtown,,1,23,shp-9-01,1,1
2169070,9,2,9 Downtown,,1,19,shp-9-01,1,1
1327090,9,4,9 Downtown,,1,19,shp-9-01,1,1
32090,9,4,9 Downtown,,1,19,shp-9-01,1,1
1233090,9,4,9 Downtown,,1,19,shp-9-01,1,1
2430090,9,4,9 Downtown,,1,19,shp-9-01,1,1
874020,9,1,9 Downtown,,1,19,shp-9-01,1,1
1306010,9,3,9 Downtown,,1,23,shp-9-01,1,1
32020,9,1,9 Downtown,,1,19,shp-9-01,1,1
438070,9,2,9 Downtown,,1,19,shp-9-01,1,1
2605090,9,4,9 Downtown,,1,19,shp-9-01,1,1
30020,9,1,9 Downtown,,1,19,shp-9-01,1,1
942090,9,4,9 Downtown,,1,19,shp-9-01,1,1
2628090,9,4,9 Downtown,,1,19,shp-9-01,1,1
1233020,9,1,9 Downtown,,1,19,shp-9-01,1,1
1023070,9,2,9 Hospital,,0,19,shp-9-51,1,1
272070,9,2,9 Hospital,,0,19,shp-9-51,1,1
601070,9,2,9 Hospital,,0,19,shp-9-51,1,1
535010,9,3,9 Hospital,,0,23,shp-9-51,1,1
1435020,9,1,9 Hospital,,0,19,shp-9-51,1,1
325020,9,1,9 Hospital,,0,19,shp-9-51,1,1
2128020,9,1,9 Hospital,,0,19,shp-9-51,1,1
255010,9,3,9 Hospital,,0,13,shp-9-51,1,1
1330020,9,1,9 Hospital,,0,19,shp-9-51,1,1
1968020,9,1,9 Hospital,,0,19,shp-9-51,1,1
72020,9,1,9 Hospital,,0,19,shp-9-51,1,1
2128090,9,4,9 Hospital,,0,19,shp-9-51,1,1
2610090,9,4,9 Hospital,,0,19,shp-9-51,1,1
819090,9,4,9 Hospital,,0,19,shp-9-51,1,1
2033020,9,1,9 Hospital,,0,19,shp-9-51,1,1
48070,9,2,9 Hospital,,0,19,shp-9-51,1,1
697010,9,3,9 Hospital,,0,13,shp-9-51,1,1
1968090,9,4,9 Hospital,,0,19,shp-9-51,1,1
1991020,9,1,9 Hospital,,0,19,shp-9-51,1,1
1743070,9,2,9 Hospital,,0,19,shp-9-51,1,1
644020,9,1,9 Hospital,,0,19,shp-9-51,1,1
724020,9,1,9 Hospital,,0,19,shp-9-51,1,1
1978020,9,1,9 Hospital,,0,19,shp-9-51,1,1
922020,9,1,9 Hospital,,0,19,shp-9-51,1,1
1834070,9,2,9 Hospital,,0,19,shp-9-51,1,1
917020,9,1,9 Hospital,,0,19,shp-9-51,1,1
422020,9,1,9 Hospital,,0,19,shp-9-51,1,1
532010,9,3,9 Hospital,,0,23,shp-9-51,1,1
352020,9,1,9 Hospital,,0,19,shp-9-51,1,1
819020,9,1,9 Hospital,,0,19,shp-9-51,1,1
446090,9,4,9 Hospital,,0,19,shp-9-51,1,1
1583020,9,1,9 Hospital,,0,19,shp-9-51,1,1
2058090,9,4,9 Hospital,,0,19,shp-9-51,1,1
2435010,9,3,9 Hospital,,0,23,shp-9-51,1,1
2085020,9,1,9 Hospital,,0,19,shp-9-51,1,1
765020,9,1,9 Hospital,,0,19,shp-9-51,1,1
352090,9,4,9 Hospital,,0,19,shp-9-51,1,1
749010,9,3,9 Hospital,,0,23,shp-9-51,1,1
1435090,9,4,9 Hospital,,0,19,shp-9-51,1,1
1583090,9,4,9 Hospital,,0,19,shp-9-51,1,1
437090,9,4,9 Hospital,,0,19,shp-9-51,1,1
437020,9,1,9 Hospital,,0,19,shp-9-51,1,1
1409020,9,1,9 Hospital,,0,19,shp-9-51,1,1
1529010,9,3,9 Hospital,,0,13,shp-9-51,1,1
1971070,9,2,9 Hospital,,0,19,shp-9-51,1,1
446020,9,1,9 Hospital,,0,19,shp-9-51,1,1
724090,9,4,9 Hospital,,0,19,shp-9-51,1,1
644090,9,4,9 Hospital,,0,19,shp-9-51,1,1
1048070,9,2,9 Hospital,,0,19,shp-9-51,1,1
765090,9,4,9 Hospital,,0,19,shp-9-51,1,1
917090,9,4,9 Hospital,,0,19,shp-9-51,1,1
1409090,9,4,9 Hospital,,0,19,shp-9-51,1,1
2610020,9,1,9 Hospital,,0,19,shp-9-51,1,1
325090,9,4,9 Hospital,,0,19,shp-9-51,1,1
554010,9,3,9 Hospital,,0,13,shp-9-51,1,1
1978090,9,4,9 Hospital,,0,19,shp-9-51,1,1
2402090,9,4,9 Hospital,,0,19,shp-9-51,1,1
448090,9,4,9 Hospital,,0,19,shp-9-51,1,1
422090,9,4,9 Hospital,,0,19,shp-9-51,1,1
38070,9,2,9 Hospital,,0,19,shp-9-51,1,1
2476010,9,3,9 Hospital,,0,13,shp-9-51,1,1
2085090,9,4,9 Hospital,,0,19,shp-9-51,1,1
2553020,9,1,9 Hospital,,0,19,shp-9-51,1,1
72090,9,4,9 Hospital,,0,19,shp-9-51,1,1
2553090,9,4,9 Hospital,,0,19,shp-9-51,1,1
1330090,9,4,9 Hospital,,0,19,shp-9-51,1,1
2058020,9,1,9 Hospital,,0,19,shp-9-51,1,1
674010,9,3,9 Hospital,,0,23,shp-9-51,1,1
2402020,9,1,9 Hospital,,0,19,shp-9-51,1,1
922090,9,4,9 Hospital,,0,19,shp-9-51,1,1
565070,9,2,9 Hospital,,0,19,shp-9-51,1,1
448020,9,1,9 Hospital,,0,19,shp-9-51,1,1
2033090,9,4,9 Hospital,,0,19,shp-9-51,1,1
1991090,9,4,9 Hospital,,0,19,shp-9-51,1,1
2120020,97,1,97 Samish,,1,2D,shp-97-02,1,1
1180020,97,1,97 Samish,,1,2D,shp-97-02,1,1
760020,97,1,97 Samish,,1,2D,shp-97-02,1,1
1965020,97,1,97 Samish,,1,2D,shp-97-01,1,1
175020,97,1,97 Samish,,1,2C,shp-97-02,1,1
2091020,97,1,97 Samish,,1,2C,shp-97-02,1,1
1223020,97,1,97 Samish,,1,2D,shp-97-02,1,1
2172020,97,1,97 Samish,,1,2C,shp-97-02,1,1
1940020,97,1,97 Samish,,1,2C,shp-97-02,1,1
406020,97,1,97 Samish,,1,2D,shp-97-02,1,1
256020,97,1,97 Samish,,1,2C,shp-97-01,1,1
371020,97,1,97 Samish,,1,2C,shp-97-02,1,1
464020,97,1,97 Samish,,1,2C,shp-97-02,1,1
159020,97,1,97 Samish,,1,2D,shp-97-02,1,1
500020,97,1,97 Samish,,1,2D,shp-97-02,1,1
803020,97,1,97 Samish,,1,2D,shp-97-02,1,1
1042020,97,1,97 Samish,,1,2C,shp-97-02,1,1
1736020,97,1,97 WWU,,0,2C,shp-97-51,1,1
559020,97,1,97 WWU,,0,2C,shp-97-51,1,1
670020,97,1,97 WWU,,0,2C,shp-97-51,1,1
918020,97,1,97 WWU,,0,2C,shp-97-51,1,1
838020,97,1,97 WWU,,0,2D,shp-97-51,1,1
1625020,97,1,97 WWU,,0,2C,shp-97-51,1,1
684020,97,1,97 WWU,,0,2D,shp-97-51,1,1
964020,97,1,97 WWU,,0,2D,shp-97-51,1,1
2437020,97,1,97 WWU,,0,2C,shp-97-51,1,1
1603020,97,1,97 WWU,,0,2C,shp-97-51,1,1
1944020,97,1,97 WWU,,0,2D,shp-97-51,1,1
1368020,97,1,97 WWU,,0,2D,shp-97-51,1,1
2428020,97,1,97 WWU,,0,2D,shp-97-51,1,1
2109020,97,1,97 WWU,,0,2D,shp-97-51,1,1
2439020,97,1,97 WWU,,0,2C,shp-97-51,1,1
321020,97,1,97 WWU,,0,2D,shp-97-51,1,1
1392020,97,1,97 WWU,,0,2D,shp-97-51,1,1
884020,98,1,98 Samish,,1,2B,shp-98-01,1,1
533020,98,1,98 Samish,,1,1B,shp-98-01,1,1
1592020,98,1,98 Samish,,1,1C,shp-98-01,1,1
2566020,98,1,98 Samish,,1,2B,shp-98-01,1,1
1515020,98,1,98 Samish,,1,1D,shp-98-01,1,1
751020,98,1,98 Samish,,1,1C,shp-98-01,1,1
735020,98,1,98 Samish,,1,1C,shp-98-01,1,1
2643020,98,1,98 Samish,,1,1C,shp-98-01,1,1
835020,98,1,98 Samish,,1,2B,shp-98-01,1,1
128020,98,1,98 Samish,,1,1C,shp-98-01,1,1
106020,98,1,98 Samish,,1,1C,shp-98-01,1,1
867020,98,1,98 Samish,,1,1D,shp-98-01,1,1
2066020,98,1,98 Samish,,1,1D,shp-98-01,1,1
248020,98,1,98 Samish,,1,1D,shp-98-01,1,1
1868020,98,1,98 Samish,,1,1B,shp-98-01,1,1
2010020,98,1,98 Samish,,1,1D,shp-98-01,1,1
411020,98,1,98 Samish,,1,2B,shp-98-01,1,1
2146020,98,1,98 WWU,,0,1D,shp-98-51,1,1
324020,98,1,98 WWU,,0,2B,shp-98-52,1,1
329020,98,1,98 WWU,,0,1C,shp-98-52,1,1
1066020,98,1,98 WWU,,0,1D,shp-98-52,1,1
129020,98,1,98 WWU,,0,2B,shp-98-52,1,1
2297020,98,1,98 WWU,,0,1D,shp-98-52,1,1
2504020,98,1,98 WWU,,0,1D,shp-98-52,1,1
692020,98,1,98 WWU,,0,1C,shp-98-52,1,1
1426020,98,1,98 WWU,,0,2B,shp-98-51,1,1
200020,98,1,98 WWU,,0,1C,shp-98-52,1,1
1317020,98,1,98 WWU,,0,1C,shp-98-51,1,1
188020,98,1,98 WWU,,0,1D,shp-98-52,1,1
594020,98,1,98 WWU,,0,1B,shp-98-52,1,1
2495020,98,1,98 WWU,,0,2B,shp-98-51,1,1
2019020,98,1,98 WWU,,0,1C,shp-98-52,1,1
2411020,98,1,98 WWU,,0,1C,shp-98-52,1,1
1812020,98,1,98 WWU,,0,1B,shp-98-51,1,1
1167020,98,1,98 WWU,,0,2B,shp-98-52,1,1
1945020,98,1,98 WWU,,0,1D,shp-98-52,1,1
1669020,98,1,98 WWU,,0,1C,shp-98-52,1,1
1807020,98,1,98 WWU,,0,2B,shp-98-52,1,1
